Student Roll Number, Course ID 
AE15B001,CS7015
AE15B001,AS5711
AE15B001,CS2300A
AE15B001,MA5741
AE15B001,GN6107
AE15B002,AS4600
AE15B003,AS4600
AE15B003,GN5001
AE15B003,MS3710
AE15B003,AM5050
AE15B003,HS3031
AE15B003,HS4290
AE15B005,AS5711
AE15B005,HS3007
AE15B005,GN6106
AE15B006,MS3510
AE15B006,HS4300
AE15B006,AS5711
AE15B006,AS4600
AE15B007,AS4600
AE15B007,HS4002
AE15B008,AS4600
AE15B008,AS5570
AE15B008,HS3420
AE15B008,MS3610
AE15B008,AS5420
AE15B009,GN6107
AE15B009,AS5370
AE15B009,HS3420
AE15B010,AS5470
AE15B010,AS5545
AE15B010,AS5711
AE15B010,AS5570
AE15B010,HS4350
AE15B011,AS5925
AE15B011,HS2050
AE15B011,AS5711
AE15B011,AS6020
AE15B011,GN6101
AE15B011,AS5420
AE15B012,AS5711
AE15B012,AS5420
AE15B012,MS3610
AE15B012,HS3420
AE15B012,MS6010
AE15B013,AS5711
AE15B013,HS3007
AE15B013,GN6106
AE15B013,AS5610
AE15B013,MS3610
AE15B014,AS5420
AE15B014,ED5011
AE15B014,AS6020
AE15B015,AS5711
AE15B015,MS3610
AE15B015,HS3031
AE15B016,AS5711
AE15B016,CS2700A
AE15B016,HS3031
AE15B018,HS3007
AE15B018,MS3610
AE15B018,AS5610
AE15B018,AS5711
AE15B018,MS6010
AE15B019,AS4600
AE15B019,AS5100
AE15B019,AM5650
AE15B019,AS5610
AE15B019,HS2050
AE15B019,AS5320
AE15B020,AS6020
AE15B020,MA5540
AE15B020,HS2030
AE15B020,AS5711
AE15B020,AS5420
AE15B020,GN6101
AE15B021,AS5711
AE15B021,CS2700A
AE15B021,HS3031
AE15B022,AS5545
AE15B022,MA5540
AE15B022,GN6101
AE15B022,HS3007
AE15B023,AS5545
AE15B023,MA5540
AE15B023,HS2030
AE15B023,AS6020
AE15B023,GN6101
AE15B025,MS3510
AE15B025,AS5925
AE15B025,AS5570
AE15B026,CH5120
AE15B026,MA5540
AE15B026,AS5545
AE15B029,HS3007
AE15B029,GN5001
AE15B029,AS5711
AE15B029,AS4600
AE15B030,HS1110
AE15B030,HS2030
AE15B030,AM5650
AE15B030,AS5880
AE15B030,GN6106
AE15B031,AS5550
AE15B031,AS5320
AE15B031,HS3031
AE15B031,CE1010
AE15B031,AS5570
AE15B031,HS4002
AE15B032,AS5711
AE15B032,CS2700A
AE15B032,HS3031
AE15B033,AS5711
AE15B033,MS4110
AE15B033,GN5001
AE15B033,HS4300
AE15B033,AS5470
AE15B033,AS5570
AE15B035,CH5350
AE15B035,GN5001
AE15B035,MS4100
AE15B035,MS3610
AE15B036,HS1090
AE15B036,AS5470
AE15B036,AM5650
AE15B036,AS5545
AE15B037,CS7015
AE15B037,ID5030
AE15B037,ID6040
AE15B037,AM5640
AE15B038,MS3610
AE15B038,HS4001
AE15B038,AS5711
AE15B038,AS4600
AE15B039,ID5030
AE15B039,HS2030
AE15B039,CH5350
AE15B040,CH5350
AE15B040,ID5030
AE15B040,HS4001
AE15B040,AS5570
AE15B042,CS2700A
AE15B042,HS4010
AE15B042,AS5711
AE15B042,GN6106
AE15B042,MS3610
AE15B043,AS5570
AE15B043,HS4001
AE15B043,AS5711
AE15B043,AS5550
AE15B044,AS5711
AE15B044,PH5460
AE15B044,HS3420
AE15B044,AS5550
AE15B044,AS5570
AE15B044,AS5100
AE15B045,CS2700A
AE15B045,AS5711
AE15B045,HS3420
AE15B046,BT6270
AE15B046,AM6516
AE15B046,BT3072
AE15B046,AS5610
AE15B046,HS2050
AE15B050,AS5711
AE15B050,AS5610
AE15B050,MS3610
AE15B050,HS2050
AE15B050,AM5011
AE15B051,CS6023
AE15B051,CS3700
AE15B051,HS3007
AE15B051,ED5315
AE15B052,GN5001
AE15B053,AS5570
AE15B053,EE5204
AE15B053,AS5925
AE15B053,HS4001
AE15B055,MS4110
AE15B055,AS5711
AE15B055,HS3031
AE15B056,CH5170
AE15B056,CH5350
AE15B056,HS4001
AE15B058,HS4001
AE15B058,MS3610
AE15B059,HS4001
AE15B059,AS5320
AE15B059,AS5470
AE15B059,AS5420
AE16B001,MA2031
AE16B001,AS5420
AE16B002,MA5310
AE16B002,MS3510
AE16B003,MS3510
AE16B004,AS5610
AE16B004,MA2031
AE16B005,MA2040
AE16B005,AS5570
AE16B006,MA2040
AE16B006,AS5420
AE16B007,AS5370
AE16B008,PH3500
AE16B008,MA2031
AE16B009,MA2031
AE16B009,AM5450
AE16B010,AS5420
AE16B010,MA2031
AE16B011,MA2130
AE16B011,AS5570
AE16B012,MA2040
AE16B013,MA2130
AE16B013,AS5570
AE16B014,MA2040
AE16B015,MA2040
AE16B015,MS3510
AE16B016,MA2130
AE16B016,PH3500
AE16B017,AS5570
AE16B017,MA2031
AE16B017,AS5550
AE16B018,MA5440
AE16B018,MA2130
AE16B019,MA2040
AE16B019,AS6020
AE16B020,MA2040
AE16B020,AS5420
AE16B021,AS5470
AE16B021,MA2031
AE16B022,MA2040
AE16B022,ED2130
AE16B022,AS5711
AE16B023,HS4571
AE16B023,GN6101
AE16B023,ED2130
AE16B024,AS5370
AE16B024,MA2031
AE16B025,MA2040
AE16B025,AS5420
AE16B026,MA2031
AE16B026,AS5570
AE16B028,MA2040
AE16B028,AS5711
AE16B029,AS5550
AE16B029,MA2031
AE16B029,AS5570
AE16B030,MA2031
AE16B030,AS5420
AE16B031,MA2031
AE16B031,AS5570
AE16B031,AS5550
AE16B032,MA2040
AE16B032,ME3126
AE16B034,MA2040
AE16B034,AS5420
AE16B035,MA2031
AE16B035,AS5420
AE16B036,AS5711
AE16B036,MA2031
AE16B037,MA2040
AE16B037,HS4031
AE16B038,MA2031
AE16B038,AS5420
AE16B039,MA5890
AE16B039,AS5420
AE16B039,AS5470
AE16B040,MA2130
AE16B040,AS5570
AE16B041,MA2040
AE16B041,AS5420
AE16B042,MA2040
AE16B043,AS5420
AE16B044,MA2031
AE16B044,AS5420
AE16B045,AS5610
AE16B045,MA2031
AE16B046,MA2031
AE16B046,AS5420
AE16B102,MA2040
AE16B102,AS5420
AE16B103,MA2031
AE16B103,MS3510
AE16B104,ID5030
AE16B105,MA2031
AE16B106,MA2031
AE16B106,AS5711
AE16B107,MA2040
AE16B107,AS5420
AE16B108,MA2031
AE16B108,HS3002C
AE16B109,MA2031
AE16B109,AS5711
AE16B110,MA2040
AE16B110,ED5315
AE16B110,AS5550
AE16B111,MA2031
AE16B112,MA2040
AE16B112,MS3510
AE16B113,MA2031
AE16B113,AS5570
AE16B114,MA2031
AE16B114,AS5550
AE16B114,AS5420
AE16B115,MA2040
AE16B115,ID5030
AE17B003,HS1090
AE17B004,HS3002A
AE17B005,ID5030
AE17B006,HS1090
AE17B006,CH2061
AE17B007,HS3002
AE17B007,ME2201
AE17B008,HS1090
AE17B008,ME2201
AE17B009,HS3002
AE17B010,HS3002A
AE17B011,ID5030
AE17B011,HS3002A
AE17B012,HS1090
AE17B012,ME2201
AE17B013,HS3002
AE17B014,HS4571
AE17B015,HS3002A
AE17B016,HS3002
AE17B017,HS5920
AE17B018,HS3002C
AE17B018,ME2201
AE17B019,HS3002
AE17B020,HS1090
AE17B021,HS1110
AE17B022,HS1090
AE17B022,AS5610
AE17B024,HS3002
AE17B025,HS1090
AE17B026,HS3002A
AE17B027,HS3002C
AE17B027,PH3500
AE17B028,BT3051
AE17B029,HS3002
AE17B030,HS1110
AE17B031,HS3002A
AE17B034,HS3002A
AE17B034,ID6040
AE17B036,HS1090
AE17B037,HS4290
AE17B038,HS3002
AE17B039,HS3002
AE17B042,HS3002
AE17B043,HS3002
AE17B044,HS1090
AE17B045,HS3002
AE17B101,HS3002
AE17B102,HS1090
AE17B103,HS3002
AE17B104,HS3002
AE17B105,HS1090
AE17B106,HS5920
AE17B107,HS1090
AE17B109,HS3002A
AE17B109,GN6106
AE17B110,HS3002
AE17B111,HS3002
AE17B112,HS3002
AE17B113,HS3002A
AE17B113,GN6101
BE15B004,CS7015
BE15B004,CH5350
BE15B004,CS6023
BE15B004,ED6001
BE15B005,BT5012
BE15B005,BT5011
BE15B005,BT6320
BE15B005,BT5420
BE15B005,BT5230
BE15B005,CH5016
BE15B006,BT5051
BE15B006,BT2012
BE15B006,BT5011
BE15B007,BT2062
BE15B007,HS3007
BE15B007,BT6270
BE15B007,BT2012
BE15B007,BT4110
BE15B007,ED6001
BE15B008,BT2062
BE15B009,AM6516
BE15B009,BT5011
BE15B009,BT5130
BE15B009,BT3230
BE15B009,AM5010
BE15B009,AM5050
BE15B011,HS1090
BE15B011,HS4300
BE15B011,BT5011
BE15B011,MS3610
BE15B011,BT4110
BE15B012,BT4110
BE15B012,BT6270
BE15B012,HS4210
BE15B013,CH5016
BE15B013,BT2012
BE15B013,BT6320
BE15B013,BT5012
BE15B013,BT6270
BE15B014,BT6230
BE15B014,HS4002
BE15B014,BT3121
BE15B014,BT5012
BE15B014,BT5170
BE15B014,BT3032
BE15B014,BT2062
BE15B015,MS3510
BE15B015,MS3520
BE15B015,BT6320
BE15B015,MS6010
BE15B017,HS4350
BE15B017,BT4110
BE15B017,BT6270
BE15B017,BT5012
BE15B017,BT6320
BE15B017,BT2062
BE15B018,BT3121
BE15B018,BT3072
BE15B018,BT5370
BE15B018,BT5130
BE15B018,HS2050
BE15B018,BT6230
BE15B019,BT5012
BE15B019,BT6270
BE15B019,BT6320
BE15B019,BT5130
BE15B019,BT4110
BE15B021,BT6320
BE15B021,BT1022
BE15B021,BT3051
BE15B022,BT6270
BE15B022,CH5170
BE15B022,ME5201
BE15B022,AM6516
BE15B023,CS7015
BE15B023,HS4001
BE15B023,BT6270
BE15B023,BT4110
BE15B023,CH5350
BE15B023,GN6101
BE15B025,MS3520
BE15B025,BT4110
BE15B025,BT5012
BE15B026,BT5012
BE15B026,BT5011
BE15B026,MS4100
BE15B026,MS3610
BE15B028,CH5120
BE15B028,BT5012
BE15B028,BT4110
BE15B028,BT6320
BE15B029,BT4110
BE15B029,BT6270
BE15B029,BT5230
BE15B029,GN6107
BE15B030,BT2062
BE15B030,BT5012
BE15B030,BT5011
BE15B030,BT3230
BE15B030,MS6010
BE15B031,BT5051
BE15B031,BT5011
BE15B031,BT3230
BE15B031,BT5071
BE15B032,BT4110
BE15B032,BT6270
BE15B032,BT5130
BE15B032,BT6320
BE15B032,HS2050
BE16B001,BT3051
BE16B001,BT3032
BE16B001,BT5071
BE16B002,BT3032
BE16B002,BT3051
BE16B002,MS6010
BE16B003,BT5071
BE16B003,BT3051
BE16B003,BT5370
BE16B004,HS3002
BE16B005,GN6101
BE16B006,BT3032
BE16B006,HS4290
BE16B006,BT3051
BE16B007,MA5890
BE16B007,BT3032
BE16B007,BT3051
BE16B008,BT3072
BE16B008,BT3051
BE16B009,HS3002
BE16B009,BT3051
BE16B009,PH2170
BE16B010,ED5040
BE16B010,BT3051
BE16B011,BT3051
BE16B011,ED5040
BE16B014,BT3051
BE16B014,BT3032
BE16B014,MS6010
BE16B015,BT3051
BE16B015,BT3032
BE16B015,BT5071
BE16B016,BT3032
BE16B016,BT3051
BE16B016,MS6010
BE16B017,BT3051
BE16B017,MA5310
BE16B017,BT3032
BE16B019,ED5040
BE16B020,BT3051
BE16B020,GN5001
BE16B020,BT5071
BE16B021,MS3610
BE16B021,BT3230
BE16B021,BT3072
BE16B022,BT3051
BE16B022,GN5001
BE16B022,BT5071
BE16B023,BT3051
BE16B023,BT5071
BE16B023,BT3032
BE16B025,BT3051
BE16B025,GN5001
BE16B026,ED5040
BE16B026,BT3072
BE16B026,BT1022
BE16B029,BT3051
BE16B031,HS4571
BE16B031,BT3051
BE16B033,GN6106
BE16B034,BT3051
BE16B034,BT3032
BE16B034,BT3072
BE16B035,BT3051
BE16B035,BT3032
BE16B036,BT3051
BE16B036,BT3032
BE16B036,BT3072
BE17B001,HS3002
BE17B002,HS5920
BE17B002,MA2031
BE17B003,MA2031
BE17B004,MA2020
BE17B005,MA2031
BE17B005,HS5920
BE17B006,BT2012
BE17B006,MA2020
BE17B007,BT2012
BE17B009,MA2020
BE17B009,BT2012
BE17B010,HS5920
BE17B010,MA2020
BE17B011,BT2012
BE17B011,MA2031
BE17B012,MA2031
BE17B012,HS3002A
BE17B013,MA2031
BE17B013,HS3002C
BE17B014,MA2031
BE17B014,HS4290
BE17B015,MA2040
BE17B015,HS3002A
BE17B018,MA2040
BE17B018,HS4002
BE17B019,MA2020
BE17B019,HS3002A
BE17B020,HS3002C
BE17B020,MA2020
BE17B021,MA2031
BE17B021,HS3002C
BE17B022,MA2040
BE17B022,HS4002
BE17B023,MA2031
BE17B023,HS4290
BE17B024,HS3002
BE17B024,MA2031
BE17B025,MA2020
BE17B025,HS4290
BE17B026,BT2012
BE17B026,MA2020
BE17B027,MA2020
BE17B027,HS4002
BE17B028,MA2020
BE17B028,HS5920
BE17B030,MA2020
BE17B030,HS3002A
BE17B032,BT2012
BE17B032,MA2031
BE17B033,MA2040
BE17B033,HS4031
BE17B034,MA2130
BE17B034,HS4571
BE17B036,BT2012
BE17B036,MA2020
BE17B037,HS3002C
BE17B037,MA2130
BE17B038,BT2012
BE17B038,MA2031
BS15B002,BT3230
BS15B002,BT5012
BS15B002,BT6270
BS15B003,HS5920
BS15B003,CE2080
BS15B003,BT5012
BS15B004,HS2050
BS15B005,AM5630
BS15B005,ME5201
BS15B005,BT4110
BS15B006,MA2020
BS15B006,HS4001
BS15B006,BT6270
BS15B007,MS3510
BS15B007,HS5920
BS15B007,MS3610
BS15B007,MS4100
BS15B007,BT5012
BS15B008,CS7015
BS15B008,BT6270
BS15B008,MS6010
BS15B008,MS4100
BS15B010,HS2030
BS15B010,HS5920
BS15B010,MS3710
BS15B010,GN6101
BS15B010,BT5012
BS15B011,BT5012
BS15B011,BT5051
BS15B011,AM5024
BS15B011,HS4002
BS15B012,BT5071
BS15B012,BT6270
BS15B012,HS4001
BS15B013,MS3710
BS15B013,HS4001
BS15B013,MA2020
BS15B014,BT6230
BS15B014,BT5011
BS15B014,HS3007
BS15B017,BT3230
BS15B017,BT5011
BS15B017,BT6270
BS15B018,BT6230
BS15B018,BT3230
BS15B018,BT5012
BS15B018,BT5170
BS15B020,BT6230
BS15B020,HS3007
BS15B021,HS4002
BS15B021,MM2013
BS15B021,MS3710
BS15B021,GN6106
BS15B021,MS4100
BS15B022,MA2031
BS15B022,BT6270
BS15B022,BT6320
BS15B023,HS5920
BS15B023,GN6101
BS15B023,MS4100
BS15B024,BT5012
BS15B024,BT5011
BS15B024,BT6270
BS15B024,BT3230
BS15B025,BT5012
BS15B025,BT5011
BS15B025,BT3230
BS15B025,BT6320
BS15B027,CE2080
BS15B027,GN6106
BS15B028,ED5040
BS15B028,AM6516
BS15B028,BT5130
BS15B028,BT6230
BS15B028,AM5050
BS15B032,MS4110
BS16B001,BT3032
BS16B001,BT3051
BS16B003,BT3230
BS16B003,MS3520
BS16B005,BT5012
BS16B005,BT3032
BS16B005,BT3051
BS16B006,BT3230
BS16B006,MS3520
BS16B007,BT3032
BS16B007,BT5012
BS16B007,BT3051
BS16B008,BT3051
BS16B008,BT3230
BS16B010,GN5001
BS16B010,BT3051
BS16B013,BT3051
BS16B013,BT3230
BS16B014,BT3051
BS16B014,GN6106
BS16B014,BT3032
BS16B016,BT3032
BS16B016,BT3051
BS16B016,GN5001
BS16B017,BT3230
BS16B017,MS3520
BS16B018,BT3051
BS16B018,BT3032
BS16B018,MS6010
BS16B019,BT3230
BS16B019,BT3051
BS16B019,GN5001
BS16B022,CS2700A
BS16B022,MS3610
BS16B023,BT3230
BS16B023,GN5001
BS16B024,BT3230
BS16B024,MS3520
BS16B024,GN5001
BS16B026,BT3230
BS16B026,MS3610
BS16B028,GN5001
BS16B028,BT3230
BS16B029,BT3230
BS16B029,GN5001
BS16B030,EP2110
BS16B030,GN5001
BS16B030,BT6270
BS16B031,BT3051
BS16B031,BT3032
BS16B031,EP2110
BS16B032,BT3032
BS16B032,GN5001
BS16B032,EP2110
BS17B002,HS5920
BS17B003,HS3002
BS17B004,HS3002
BS17B006,HS3002A
BS17B007,HS3002A
BS17B008,HS3002C
BS17B009,HS1090
BS17B010,HS5920
BS17B011,HS3002A
BS17B012,HS3002
BS17B013,HS3002C
BS17B014,HS1090
BS17B015,HS3002
BS17B016,HS3002C
BS17B017,HS3002C
BS17B019,HS3002C
BS17B020,HS5920
BS17B021,HS3002
BS17B022,HS3002C
BS17B024,HS3002
BS17B025,HS4031
BS17B026,HS4571
BS17B028,HS3002
BS17B029,HS3002A
BS17B030,HS3002C
BS17B031,HS3002A
BS17B032,HS4031
BS17B033,HS3002C
BS17B034,HS1090
BS17B035,HS3002
BS17B036,HS3002
CE15B001,CE4810
CE15B001,CE4670
CE15B001,GN6101
CE15B001,MS3610
CE15B001,HS3420
CE15B001,CE5020
CE15B002,CE4810
CE15B002,CE4670
CE15B002,GN6101
CE15B002,MS3610
CE15B002,HS3420
CE15B002,CE5020
CE15B003,CE5020
CE15B003,CE5870
CE15B003,CE5910
CE15B003,MS3610
CE15B004,CE5650
CE15B004,ED1091
CE15B004,ID6105
CE15B005,CE6780
CE15B005,CE5010
CE15B005,CE3320
CE15B005,CE5331
CE15B005,HS2030
CE15B006,HS4300
CE15B006,MS3610
CE15B006,CE6050
CE15B007,CE5010
CE15B007,CE3320
CE15B007,CE5110
CE15B007,CE5020
CE15B007,CE5650
CE15B007,HS2030
CE15B008,HS2030
CE15B008,CE5950
CE15B008,GN6106
CE15B008,CE5530
CE15B008,CE5010
CE15B008,CE3320
CE15B009,MS3510
CE15B009,MS3520
CE15B009,HS4300
CE15B009,CE6010
CE15B009,CE5110
CE15B010,HS3007
CE15B010,CE5110
CE15B010,CE5331
CE15B010,CE5010
CE15B011,CE4670
CE15B011,CE5710
CE15B011,CE5720
CE15B011,CE5620
CE15B011,HS3420
CE15B012,CE5020
CE15B012,CE5120
CE15B012,CE6750
CE15B012,CE4670
CE15B013,CE5870
CE15B013,MS3520
CE15B013,CE5020
CE15B013,HS3031
CE15B013,GN6107
CE15B015,CE5870
CE15B015,GN6106
CE15B015,HS4001
CE15B015,CE5900
CE15B017,CE5870
CE15B017,HS3007
CE15B018,CE4720
CE15B018,MS4110
CE15B018,CE5870
CE15B018,MS4100
CE15B019,GN6101
CE15B019,MS3610
CE15B019,CE4670
CE15B019,CE4720
CE15B019,CE4810
CE15B021,HS4300
CE15B021,CH5350
CE15B021,GN6101
CE15B021,MS3830
CE15B022,MS3610
CE15B022,CE5870
CE15B022,GN6106
CE15B023,MA2020
CE15B023,CE5010
CE15B023,CE5020
CE15B023,CE4810
CE15B023,CE4670
CE15B023,HS3420
CE15B024,GN5001
CE15B024,HS6940
CE15B024,CE5020
CE15B024,CE5810
CE15B026,HS4001
CE15B026,CE5120
CE15B026,CH5350
CE15B026,GN6101
CE15B026,CE6780
CE15B027,HS2030
CE15B027,CE5120
CE15B027,CE5870
CE15B027,CE5950
CE15B027,CE5620
CE15B027,GN6107
CE15B028,CE5870
CE15B028,HS3007
CE15B028,GN6101
CE15B029,CE4720
CE15B029,MS4110
CE15B029,CE5870
CE15B029,MS4100
CE15B030,MA2020
CE15B030,HS2030
CE15B030,CE5710
CE15B030,CE4670
CE15B030,CE5331
CE15B030,CE6670
CE15B030,CE5900
CE15B031,CE5720
CE15B031,CE5710
CE15B031,CE4670
CE15B031,HS3060
CE15B031,CE6670
CE15B032,MA2020
CE15B032,HS3420A
CE15B032,MS3610
CE15B032,MS6010
CE15B033,CE4670
CE15B033,CE5720
CE15B033,HS3420
CE15B033,CE5620
CE15B033,CE5710
CE15B034,CE5530
CE15B034,CE5010
CE15B034,CE3320
CE15B034,HS2030
CE15B034,CE6330
CE15B035,CH5170
CE15B035,CH5020
CE15B035,HS4001
CE15B035,GN6106
CE15B035,CE5900
CE15B036,GN5001
CE15B037,MS4110
CE15B037,MS4100
CE15B037,CE4720
CE15B038,CE3410
CE15B040,GN5001
CE15B040,GN6106
CE15B040,CE5470
CE15B040,CE5620
CE15B041,GN6101
CE15B041,CE5870
CE15B042,MS3510
CE15B042,MS4110
CE15B042,CE4720
CE15B042,MS4100
CE15B043,CE4810
CE15B043,HS3420
CE15B043,CE5010
CE15B043,CE5020
CE15B043,CE4670
CE15B044,CE4670
CE15B044,CE5720
CE15B044,CE5620
CE15B044,CE3310
CE15B044,HS3420
CE15B044,GN6101
CE15B046,HS3420
CE15B046,CE4810
CE15B046,CE5010
CE15B046,CE5020
CE15B046,CE4670
CE15B046,GN6101
CE15B047,MS3520
CE15B047,CE5870
CE15B047,CE5070
CE15B048,CE5870
CE15B048,MS3520
CE15B048,HS3031
CE15B048,CE5810
CE15B049,MS3520
CE15B049,CE5870
CE15B049,CH5350
CE15B049,MS4100
CE15B049,MA2130
CE15B050,HS3420
CE15B050,GN6101
CE15B050,CE3310
CE15B050,CE4670
CE15B050,CE4810
CE15B050,CE5010
CE15B051,HS3007
CE15B051,CE6780
CE15B051,ID6010
CE15B051,CE5620
CE15B051,CE4670
CE15B052,MS3520
CE15B052,CH5350
CE15B052,CE5900
CE15B052,MS4100
CE15B052,MA2130
CE15B053,CE5950
CE15B053,CE4901
CE15B053,CE5620
CE15B054,GN6106
CE15B054,HS3007
CE15B054,CE4670
CE15B054,CE5020
CE15B054,CE4810
CE15B054,MS3710
CE15B055,MA2020
CE15B055,CE5620
CE15B055,CE3320
CE15B055,HS4300
CE15B055,HS4290
CE15B055,CE5720
CE15B056,HS3420
CE15B056,CE4810
CE15B056,CE5020
CE15B056,MS3610
CE15B056,CE4670
CE15B056,CE5010
CE15B056,GN6101
CE15B057,CE5010
CE15B057,CE5020
CE15B057,CE4810
CE15B057,HS3420
CE15B057,MS3610
CE15B057,CE4670
CE15B058,CE4670
CE15B058,CE3410
CE15B059,GN6101
CE15B059,CE4670
CE15B059,CE4810
CE15B059,MS3610
CE15B059,CE4720
CE15B060,HS2030
CE15B060,CE5120
CE15B060,CE5870
CE15B060,CE5950
CE15B060,CE5620
CE15B060,GN6107
CE15B062,HS4001
CE15B062,CE5020
CE15B063,GN6101
CE15B063,CE4670
CE15B063,CE4810
CE15B063,HS3420
CE15B063,MS3610
CE15B063,CE5020
CE15B064,MS3610
CE15B064,CE5870
CE15B064,HS4300
CE15B064,CE5150
CE15B064,CE5910
CE15B065,MS4110
CE15B065,GN6106
CE15B065,MS4100
CE15B065,CE5810
CE15B065,CE5831
CE15B066,HS2050
CE15B066,CE6750
CE15B067,ID5030
CE15B067,CE5950
CE15B068,HS2030
CE15B068,CE5740
CE15B069,HS2030
CE15B069,MS3710
CE15B069,CE4670
CE15B070,CE5870
CE15B070,CE4720
CE15B071,CE5470
CE15B071,HS2050
CE15B072,MA5014
CE15B072,CE5900
CE15B072,MA5890
CE15B073,CE4670
CE15B073,CE5020
CE15B074,CE5870
CE15B074,CE5020
CE15B075,CE5870
CE15B075,CE5950
CE15B076,GN5001
CE15B076,GN6106
CE15B077,CE5810
CE15B077,CE5831
CE15B077,HS4001
CE15B077,CE5830
CE15B077,CE5530
CE15B078,CE6670
CE15B078,MS4100
CE15B078,CE5630
CE15B078,CE5620
CE15B078,CE5650
CE15B079,ID5030
CE15B079,MS4110
CE15B079,CH5350
CE15B079,CE4720
CE15B079,CE5460
CE15B079,HS4010
CE15B082,CE4810
CE15B082,CE5870
CE15B082,GN6107
CE15B082,MS3610
CE15B082,HS2030
CE15B084,MS3610
CE15B084,CE5870
CE15B084,CE5720
CE15B084,HS3420
CE15B084,CE5620
CE15B084,GN6101
CE15B085,HS3002C
CE15B085,CE5620
CE15B086,HS1090
CE15B086,MS6010
CE15B086,CE4670
CE15B086,CE5720
CE15B086,CE5710
CE15B087,CE5870
CE15B087,CE6010
CE15B087,MS3610
CE15B087,HS2030
CE15B088,CE5460
CE15B088,CE5012
CE15B088,CE5620
CE15B088,PH5840
CE15B089,MS4110
CE15B089,CE5831
CE15B089,CE5650
CE15B089,CE5900
CE15B089,CE5810
CE15B089,HS2050
CE15B091,CE5810
CE15B091,CE5830
CE15B091,CE5900
CE15B091,CE5910
CE15B091,CE5831
CE15B091,HS2050
CE15B092,MS4110
CE15B092,CE5720
CE15B092,CE4670
CE15B092,CE5060
CE15B092,AS2010
CE15B093,CE5650
CE15B093,CE5720
CE15B093,CE4670
CE15B093,CE5710
CE15B093,HS2050
CE15B093,CE5060
CE15B094,HS2050
CE15B095,HS2050
CE15B095,CE5710
CE15B095,CE4670
CE15B095,GN6107
CE15B096,CE5950
CE15B096,CE5870
CE15B096,CE5620
CE15B099,CE3320
CE15B099,CE3310
CE15B099,CE5331
CE15B099,CE5620
CE15B099,HS3060
CE15B099,GN6101
CE15B100,ID5030
CE15B100,CS6251
CE15B100,ID6040
CE15B100,CE4901
CE15B101,CE4670
CE15B101,CE5950
CE15B102,CE6010
CE15B102,CE5870
CE15B102,CE5950
CE15B102,CE5020
CE15B102,MS3610
CE15B102,HS3031
CE15B102,GN6101
CE15B103,CE5870
CE15B103,CE5020
CE15B103,MS3610
CE15B103,CE6010
CE15B103,CE6750
CE15B103,CE5810
CE15B104,HS4001
CE15B104,CE5470
CE15B104,MS3610
CE15B104,CE5460
CE15B105,CE5310
CE15B105,CE5320
CE15B105,MA5890
CE15B105,MA5470
CE16B001,HS5920
CE16B003,CS6700
CE16B005,HS5920
CE16B006,HS3002C
CE16B007,MA2040
CE16B010,CE3310
CE16B011,CE3310
CE16B011,MS3510
CE16B012,CE3310
CE16B013,MA5910
CE16B013,MS3510
CE16B014,HS3002C
CE16B015,CE3310
CE16B016,MA5910
CE16B016,MA2031
CE16B017,CE3310
CE16B018,CE3310
CE16B020,AM5450
CE16B023,MS3510
CE16B024,MA2020
CE16B025,CE3310
CE16B025,MS3510
CE16B026,CE3310
CE16B030,HS4290
CE16B031,HS3002
CE16B032,MA2020
CE16B032,MS3510
CE16B033,CE3310
CE16B036,MA2020
CE16B036,MS3510
CE16B037,HS3002C
CE16B039,CE3310
CE16B039,MS3510
CE16B040,HS3002C
CE16B041,HS3002C
CE16B042,HS3002C
CE16B043,HS3002
CE16B044,MS3510
CE16B044,HS3002C
CE16B045,CE3310
CE16B046,MS3510
CE16B046,HS4290
CE16B047,CE3310
CE16B048,HS3002C
CE16B049,AM5450
CE16B050,CE3310
CE16B051,MA2031
CE16B052,CE3310
CE16B053,MS3510
CE16B053,CE4901
CE16B054,MS3510
CE16B055,HS3002A
CE16B058,CE3310
CE16B059,ME5128
CE16B060,MS3510
CE16B061,MA2031
CE16B062,CE3310
CE16B064,CE3310
CE16B065,MA5910
CE16B103,HS3002C
CE16B104,ED5315
CE16B105,MA2031
CE16B105,MS3510
CE16B108,HS3002
CE16B110,CE5810
CE16B113,MS3510
CE16B113,HS3002C
CE16B114,MS3510
CE16B115,HS3002C
CE16B116,HS3002C
CE16B117,CE3310
CE16B118,MA2040
CE16B119,HS3002
CE16B120,HS3002C
CE16B121,CE4670
CE16B123,HS3002C
CE16B125,HS3002C
CE16B127,MA2031
CE16B127,MS3510
CE16B128,HS5920
CE16B130,MS3510
CE16B131,CE6750
CE16B134,HS3002A
CE16B136,CE3310
CE17B001,MA2020
CE17B002,MA2020
CE17B003,MA2040
CE17B004,MA2040
CE17B004,HS4002
CE17B005,MA2040
CE17B006,MA2020
CE17B006,HS4002
CE17B007,MA2040
CE17B008,MA2040
CE17B009,MA2040
CE17B010,MA2020
CE17B011,MA2040
CE17B012,MA2040
CE17B012,HS4002
CE17B013,MA2040
CE17B013,HS3002C
CE17B014,MA2040
CE17B015,MA2040
CE17B016,MA2040
CE17B016,HS5920
CE17B017,MA2040
CE17B018,MA2040
CE17B019,MA2130
CE17B020,MA2040
CE17B021,MA2020
CE17B022,MA2040
CE17B023,MA2020
CE17B024,MA2040
CE17B024,HS3002A
CE17B025,MA2040
CE17B026,MA2040
CE17B027,MA2040
CE17B028,MA2040
CE17B029,MA2040
CE17B029,HS4002
CE17B031,MA2040
CE17B031,HS3002A
CE17B032,MA2020
CE17B032,CE6750
CE17B033,MA2040
CE17B033,HS3002C
CE17B035,MA2040
CE17B035,HS5920
CE17B036,MA2130
CE17B037,MA2040
CE17B039,MA2040
CE17B040,MA2020
CE17B041,MA2130
CE17B041,HS4290
CE17B042,MA2040
CE17B042,HS3002C
CE17B043,MA2040
CE17B044,MA2020
CE17B045,MA2040
CE17B045,HS3002C
CE17B046,MA2020
CE17B049,MA2020
CE17B049,HS3002A
CE17B050,MA2040
CE17B050,HS3002A
CE17B051,MA2020
CE17B054,MA2040
CE17B054,HS5920
CE17B055,MA2040
CE17B056,MA2040
CE17B056,HS3002C
CE17B057,MA2040
CE17B057,HS3002C
CE17B058,MA2040
CE17B058,HS3002C
CE17B059,HS3002C
CE17B059,MA2020
CE17B061,MA2020
CE17B063,MA2020
CE17B063,HS4571
CE17B101,HS3002C
CE17B101,MA2020
CE17B102,MA2040
CE17B103,MA2040
CE17B103,HS3002A
CE17B104,MA2020
CE17B105,MA2040
CE17B106,MA2040
CE17B106,HS3002A
CE17B107,MA2040
CE17B108,MA2040
CE17B108,HS3002A
CE17B109,MA2040
CE17B110,MA2040
CE17B111,MA2040
CE17B111,HS4002
CE17B112,MA2020
CE17B112,HS3002C
CE17B113,MA2040
CE17B113,HS4002
CE17B114,MA2040
CE17B115,MA2040
CE17B116,MA2040
CE17B116,HS3002A
CE17B117,MA2020
CE17B118,MA2040
CE17B119,MA2040
CE17B119,HS4031
CE17B120,MA2020
CE17B120,HS3002C
CE17B121,MA2040
CE17B121,HS3002C
CE17B122,MA2040
CE17B122,HS3002C
CE17B123,MA2040
CE17B123,HS3002C
CE17B124,MA2040
CE17B124,HS3002C
CE17B125,MA2040
CE17B126,MA2040
CE17B126,HS3002C
CE17B127,HS3002
CE17B127,MA2020
CE17B128,MA2040
CE17B131,MA2020
CE17B132,MA2040
CE17B134,MA2040
CE17B134,HS3002C
CE17B135,MA2040
CE17B135,HS3002A
CH15B001,HS2030
CH15B001,MS3520
CH15B001,CH4530
CH15B002,HS1090
CH15B002,CH5240
CH15B002,HS2050
CH15B003,MS3520
CH15B003,HS4290
CH15B003,CH4960
CH15B003,CH4530
CH15B004,HS4001
CH15B004,MS3710
CH15B005,CH5170
CH15B005,CH5014
CH15B005,HS4001
CH15B006,HS1090
CH15B006,MA2130
CH15B007,HS4300
CH15B007,MS3610
CH15B007,CH4530
CH15B008,HS4300
CH15B008,MS3610
CH15B009,HS4001
CH15B009,CH4960
CH15B009,CH4530
CH15B010,PH5840
CH15B010,CH5350
CH15B010,ED5314
CH15B011,HS4001
CH15B011,CH5350
CH15B012,CH5170
CH15B012,GN6101
CH15B013,GN6101
CH15B013,MS3710
CH15B014,AM5630
CH15B016,AM5630
CH15B016,CH5240
CH15B017,CH5190
CH15B017,CH4530
CH15B017,CH5011
CH15B018,GN6101
CH15B018,HS3007
CH15B018,MS3710
CH15B019,CH5120
CH15B019,HS2050
CH15B019,CH4530
CH15B021,CH5011
CH15B021,MA2031
CH15B021,HS2050
CH15B021,CH6760
CH15B021,CH4530
CH15B022,ID5030
CH15B022,GN6101
CH15B022,ID6105
CH15B024,PE6030
CH15B024,CH5240
CH15B024,CH4530
CH15B025,ID5030
CH15B025,GN6101
CH15B025,ID6105
CH15B026,HS4210
CH15B026,CH5240
CH15B026,MA2130
CH15B027,CH4530
CH15B027,HS5920
CH15B027,BT3032
CH15B028,CH5170
CH15B028,MS4100
CH15B028,MS3520
CH15B029,HS4001
CH15B029,CH5120
CH15B029,CS6360
CH15B030,CH5170
CH15B030,CH5120
CH15B030,HS4300
CH15B031,CA6120
CH15B031,CH4530
CH15B031,CH5011
CH15B031,HS2050
CH15B033,HS4300
CH15B033,CH5350
CH15B034,CH5370
CH15B034,HS3420A
CH15B034,HS4571
CH15B035,HS3420A
CH15B035,MS4120
CH15B035,HS4571
CH15B036,CH5240
CH15B036,GN6107
CH15B036,PE6030
CH15B037,CH4960
CH15B037,MS4100
CH15B037,CH4530
CH15B038,HS4001
CH15B038,CS5020
CH15B038,GN6107
CH15B039,CH4530
CH15B039,CH5190
CH15B039,HS4300
CH15B040,CH5240
CH15B040,HS4350
CH15B040,GN5001
CH15B041,HS4290
CH15B041,MS3610
CH15B041,HS4300
CH15B041,CH4960
CH15B042,CH5350
CH15B042,CH4530
CH15B042,MS3710
CH15B042,MS4100
CH15B043,CH4530
CH15B043,HS2030
CH15B043,MS3710
CH15B044,CH4530
CH15B044,ED5160
CH15B045,MS4100
CH15B045,MS3610
CH15B047,CH5011
CH15B047,HS2030
CH15B047,CH5190
CH15B047,CH4530
CH15B048,MS3520
CH15B048,MS4100
CH15B048,CH4530
CH15B049,CH5240
CH15B049,PE6030
CH15B049,CH4530
CH15B050,HS3002
CH15B050,MA2130
CH15B050,CH5240
CH15B051,CH5240
CH15B051,HS4350
CH15B051,BT2062
CH15B052,CH5170
CH15B052,CH5120
CH15B052,HS4300
CH15B052,CH4530
CH15B053,HS4001
CH15B053,GN6107
CH15B053,CH5350
CH15B054,HS4350
CH15B054,CH4530
CH15B055,MS3520
CH15B055,HS4300
CH15B055,CH4530
CH15B056,ID5030
CH15B056,ID6105
CH15B056,MS3610
CH15B057,MS4100
CH15B057,MS3610
CH15B057,CH4530
CH15B058,HS3031
CH15B058,CH4530
CH15B059,HS3420A
CH15B059,MA5890
CH15B060,MS3710
CH15B060,GN6101
CH15B060,HS2030
CH15B061,ID5030
CH15B061,CS6600
CH15B061,HS4350
CH15B062,HS3031
CH15B062,HS5920
CH15B062,MS3610
CH15B062,CH4960
CH15B063,CH4530
CH15B063,CH5130
CH15B063,ED1090
CH15B064,GN6101
CH15B064,MS3520
CH15B065,CH5120
CH15B065,HS3420
CH15B065,CH4530
CH15B066,HS4300
CH15B066,MS3610
CH15B067,HS1090
CH15B067,MA2130
CH15B069,HS3031
CH15B069,MS3610
CH15B069,GN6101
CH15B070,CH5025
CH15B070,GN6107
CH15B070,MS3610
CH15B071,HS4001
CH15B071,MS3710
CH15B071,GN6101
CH15B073,HS1110
CH15B073,MS3520
CH15B073,MS4100
CH15B074,HS3007
CH15B074,CH5130
CH15B074,CA6120
CH15B075,HS4350
CH15B075,CH5240
CH15B075,CH5011
CH15B076,HS4350
CH15B076,CH5240
CH15B076,GN6107
CH15B077,CH5240
CH15B077,HS4350
CH15B077,CH5011
CH15B078,HS4300
CH15B078,CA6120
CH15B078,MS3710
CH15B078,GN6101
CH15B079,CH5025
CH15B079,GN6107
CH15B079,MS3710
CH15B081,CH4960
CH15B081,HS3420A
CH15B081,MS4120
CH15B082,GN6106
CH15B082,MS3710
CH15B083,MS3520
CH15B083,CH4960
CH15B083,HS4300
CH15B084,HS4350
CH15B084,CH5240
CH15B084,CH5011
CH15B086,HS4001
CH15B086,MS3710
CH15B086,GN6101
CH15B087,MS3510
CH15B087,MS3520
CH15B087,CH5350
CH15B087,CH3170
CH15B088,HS4001
CH15B093,MS3520
CH15B093,CH5025
CH15B093,CH4530
CH15B094,AM5630
CH15B094,CH5240
CH15B095,HS4001
CH15B095,MS3710
CH15B095,GN6101
CH15B097,CS7015
CH15B097,CH5350
CH15B097,ID6105
CH16B001,CH5130
CH16B001,CH5014
CH16B002,CH3150
CH16B002,HS3060
CH16B004,BT3051
CH16B004,CH5011
CH16B005,MS4100
CH16B007,CH3150
CH16B007,CH5240
CH16B008,HS3060
CH16B009,CH5170
CH16B009,CH5130
CH16B010,HS4300
CH16B010,CH5240
CH16B011,HS4010
CH16B012,CH5240
CH16B012,HS4300
CH16B013,MS3510
CH16B013,CH5240
CH16B014,MS4100
CH16B014,CH5240
CH16B015,CH5170
CH16B016,MS3520
CH16B017,CH3150
CH16B017,MS3610
CH16B017,MS6010
CH16B018,CH5170
CH16B018,MS3610
CH16B019,HS4001
CH16B020,HS4001
CH16B020,CH5240
CH16B021,MS3710
CH16B021,GN6101
CH16B022,MS3610
CH16B023,CH5020
CH16B023,MS3610
CH16B025,MS4110
CH16B026,MS3610
CH16B026,MS6010
CH16B027,HS5920
CH16B027,CH5240
CH16B028,CH5350
CH16B028,MS3610
CH16B029,CH5011
CH16B029,MS3610
CH16B030,MS3510
CH16B030,MS3520
CH16B030,CH3170
CH16B031,HS5920
CH16B031,CH5240
CH16B032,CH3150
CH16B032,MS4100
CH16B033,CH5240
CH16B033,HS3002C
CH16B035,CH5240
CH16B035,MS4100
CH16B037,CH5020
CH16B037,BT3051
CH16B038,CH5350
CH16B038,BT3051
CH16B039,MS3610
CH16B039,MA5720
CH16B040,CH3170
CH16B041,CH3150
CH16B041,MS3610
CH16B042,CH5240
CH16B043,CH5020
CH16B043,MS3510
CH16B043,MS3520
CH16B044,CH3170
CH16B045,MS3510
CH16B045,CH5350
CH16B045,CS2300A
CH16B046,MS3510
CH16B047,CH5130
CH16B047,CH5011
CH16B048,HS3002A
CH16B048,CH5240
CH16B049,CH3150
CH16B049,MS3710
CH16B050,MS3510
CH16B050,BT3051
CH16B050,HS4571
CH16B051,CH3150
CH16B052,CH5240
CH16B052,HS4210
CH16B053,CH3150
CH16B053,MS3710
CH16B054,MS3610
CH16B055,MS3510
CH16B055,MS3520
CH16B056,CH5020
CH16B056,MS4110
CH16B057,CH5014
CH16B057,MS4110
CH16B058,BT3051
CH16B059,BT3051
CH16B060,CH5240
CH16B061,ED5315
CH16B062,MS3610
CH16B062,CH5350
CH16B063,CH5130
CH16B064,CH5014
CH16B064,CH5130
CH16B065,CH5240
CH16B065,MS3510
CH16B066,CH5170
CH16B066,MS3610
CH16B067,CH3150
CH16B067,MS3710
CH16B068,CH5240
CH16B069,MS4110
CH16B069,HS4210
CH16B072,MS3510
CH16B101,CH5020
CH16B101,CH5240
CH16B102,CH3170
CH16B103,MS3510
CH16B103,MS3520
CH16B103,CH5014
CH16B104,CH5240
CH16B105,MS4100
CH16B106,CH5170
CH16B106,MS3520
CH16B106,CH5014
CH16B109,CH5240
CH16B109,MS3510
CH16B109,CH5014
CH16B110,CH5014
CH16B110,CH5240
CH16B111,MS3710
CH16B112,CH5130
CH16B112,HS2030
CH16B113,CH5011
CH16B113,BT3051
CH16B114,CH5350
CH16B114,MS4110
CH16B115,CH5240
CH16B115,MS3510
CH16B115,CH5014
CH16B116,CH5240
CH16B117,HS3002
CH16B117,MS3510
CH16B117,MS3520
CH16B119,CH5130
CH16B119,CH5014
CH17B002,HS3002C
CH17B002,MA2020
CH17B003,HS3002A
CH17B003,MA2020
CH17B004,HS3002C
CH17B004,MA2020
CH17B005,MA2020
CH17B006,MA2020
CH17B006,HS5920
CH17B007,MA2020
CH17B007,HS3002A
CH17B008,MA2040
CH17B008,HS3002C
CH17B009,MA2040
CH17B010,HS3002C
CH17B010,MA2020
CH17B012,MA2040
CH17B012,HS3002A
CH17B013,MA2020
CH17B013,HS3002A
CH17B014,HS3002
CH17B014,MA2020
CH17B015,MA2020
CH17B015,HS3002A
CH17B016,MA2020
CH17B016,HS3002A
CH17B017,MA2020
CH17B017,HS3002A
CH17B018,HS3002C
CH17B018,MA2020
CH17B019,HS5920
CH17B019,MA2020
CH17B020,HS3002
CH17B021,HS3002C
CH17B022,MA2020
CH17B022,HS3002A
CH17B023,MA2031
CH17B023,HS3002A
CH17B024,MA2020
CH17B024,HS3002A
CH17B025,MA2020
CH17B025,HS3002A
CH17B026,MA2040
CH17B026,HS3002C
CH17B027,HS3002C
CH17B027,MA2020
CH17B028,HS3002A
CH17B028,MA2020
CH17B029,MA2020
CH17B029,HS5920
CH17B030,HS3002
CH17B030,MA2031
CH17B031,MA2031
CH17B031,HS3002A
CH17B032,HS3002
CH17B032,MA2031
CH17B033,MA2040
CH17B033,HS3002A
CH17B034,MA2040
CH17B034,HS3002C
CH17B035,HS3002A
CH17B035,MA2020
CH17B036,MS3510
CH17B037,HS3002C
CH17B038,MA2020
CH17B038,HS3002A
CH17B039,MA2020
CH17B039,HS3002A
CH17B040,HS5920
CH17B040,MA2020
CH17B040,GN6106
CH17B041,MA2130
CH17B042,HS3002C
CH17B042,MA2020
CH17B043,HS3002A
CH17B043,MA2031
CH17B045,MA2020
CH17B045,HS3002A
CH17B046,HS1090
CH17B046,MA2020
CH17B047,HS3002
CH17B047,MA2020
CH17B048,MA2020
CH17B048,HS3002A
CH17B049,MA2130
CH17B049,HS3002A
CH17B050,MA2031
CH17B051,MA2020
CH17B052,HS3002
CH17B052,MA2020
CH17B053,HS3002
CH17B053,MA2020
CH17B054,MA2020
CH17B054,HS3002A
CH17B055,MA2020
CH17B055,HS3002A
CH17B056,MA2020
CH17B057,MA2020
CH17B057,HS3002C
CH17B058,HS3002
CH17B058,MA2020
CH17B059,MA2040
CH17B059,HS3002C
CH17B060,MA2020
CH17B060,HS3002A
CH17B061,HS3002C
CH17B061,MA2020
CH17B062,HS3002C
CH17B062,MA2031
CH17B063,MA2020
CH17B063,HS4002
CH17B064,MA2040
CH17B064,HS3002C
CH17B065,HS3002C
CH17B065,MA2020
CH17B066,HS3002C
CH17B066,MA2130
CH17B067,MA2040
CH17B067,HS4031
CH17B069,MA2040
CH17B069,HS3002C
CH17B070,HS3002C
CH17B070,MA2031
CH17B071,HS3002C
CH17B071,MA2020
CH17B072,MA2130
CH17B072,HS3002C
CH17B073,MA2020
CH17B073,HS3002A
CH17B074,HS3002A
CH17B074,MA2020
CH17B076,MA2040
CH17B077,MA2040
CH17B077,HS3002A
CH17B078,HS5920
CH17B078,MA2020
CH17B101,HS3002A
CH17B101,MA2031
CH17B102,HS3002C
CH17B103,HS3002
CH17B103,MA2020
CH17B104,HS3002
CH17B104,MA2020
CH17B105,MA2020
CH17B106,HS3002
CH17B108,MA2020
CH17B109,HS1090
CH17B109,MA2130
CH17B110,HS3002
CH17B110,MA2020
CH17B111,HS3002
CH17B111,MA2020
CH17B112,HS3002
CH17B113,HS3002
CH17B113,MA2020
CH17B115,HS3002
CH17B115,MA2020
CH17B116,HS3002A
CH17B116,MA2020
CH17B118,HS5920
CH17B118,MA2020
CH17B119,HS3002A
CH17B119,MA2020
CH17B120,MA2031
CH17B120,HS3002C
CS15B001,CS3700
CS15B001,BT6270
CS15B001,CS6251
CS15B001,CS7011
CS15B001,CS4900
CS15B002,CS3700
CS15B002,CS6120
CS15B002,HS4002
CS15B002,HS4010
CS15B003,CS5691
CS15B003,CS3700
CS15B003,CS6100
CS15B003,BT1022
CS15B003,HS3420
CS15B004,MA2031
CS15B004,CS6023
CS15B004,CS6700
CS15B004,GN6106
CS15B004,MS4100
CS15B005,CS3700
CS15B005,CS6120
CS15B005,HS2030
CS15B005,MS3610
CS15B005,CS6230
CS15B006,CS7015
CS15B006,HS3007
CS15B006,CS6023
CS15B006,CS6570
CS15B006,CS6100
CS15B007,CS5691
CS15B007,MA2031
CS15B007,HS3031
CS15B007,CS6570
CS15B007,GN6107
CS15B008,CS5691
CS15B008,CS6100
CS15B008,CS5020
CS15B008,MA2010
CS15B008,HS4010
CS15B009,MA2031
CS15B009,HS4010
CS15B009,CS5020
CS15B009,CS6023
CS15B009,CS6700
CS15B010,CS7111
CS15B010,CS7015
CS15B010,CS7011
CS15B010,BT6270
CS15B010,HS3007
CS15B011,CS6100
CS15B011,CS6023
CS15B011,HS3007
CS15B011,CS6570
CS15B011,MA2020
CS15B012,CS6023
CS15B012,CS7015
CS15B012,HS4300
CS15B012,HS4002
CS15B012,MS3830
CS15B013,HS4300
CS15B013,MS3520
CS15B013,CS6023
CS15B013,CS6230
CS15B013,HS4002
CS15B014,CS3700
CS15B014,CS6023
CS15B014,CS6024
CS15B014,HS2050
CS15B014,BT6270
CS15B015,CS3700
CS15B015,CS4910
CS15B015,HS3007
CS15B015,BT2012
CS15B015,CS5020
CS15B015,CS6024
CS15B016,CS5691
CS15B016,CS6014
CS15B016,MS3710
CS15B016,HS2050
CS15B016,GN6101
CS15B018,CS3700
CS15B018,CS6100
CS15B018,CS6023
CS15B018,CS6570
CS15B019,CS3700
CS15B019,HS4290
CS15B019,MS3610
CS15B020,CS5691
CS15B020,MA2031
CS15B020,HS3031
CS15B020,CS6570
CS15B020,CS6100
CS15B022,CS7111
CS15B022,CS3700
CS15B022,CS5020
CS15B022,BT1022
CS15B022,HS3007
CS15B023,CS5020
CS15B023,CS7111
CS15B023,CS6014
CS15B023,PH5840
CS15B023,HS3420
CS15B024,CS3700
CS15B024,CE2310
CS15B024,CS6600
CS15B024,CS6570
CS15B024,HS3060
CS15B025,ED1091
CS15B025,CS6023
CS15B025,CS6700
CS15B025,HS3007
CS15B025,MA2020
CS15B026,HS4001
CS15B027,MA2031
CS15B027,CH2061
CS15B027,HS2030
CS15B027,CS6023
CS15B027,CS6120
CS15B027,HS4002
CS15B028,MA2031
CS15B028,CH2061
CS15B028,ED1090
CS15B028,CS5020
CS15B028,CS6023
CS15B028,BT2010
CS15B029,CS6023
CS15B029,HS4002
CS15B029,HS2050
CS15B029,CS6120
CS15B029,BT2010
CS15B029,MS3610
CS15B030,CS4900
CS15B030,CS6023
CS15B030,CS6570
CS15B030,CS6120
CS15B030,HS2050
CS15B031,CS6100
CS15B031,CS6024
CS15B031,CS6570
CS15B031,BT1022
CS15B031,MA2010
CS15B032,CS3700
CS15B032,CS6700
CS15B032,CS6023
CS15B032,CS7111
CS15B032,CS6570
CS15B033,CS6023
CS15B033,CS6230
CS15B033,CS6570
CS15B033,CS6120
CS15B033,HS3031
CS15B034,HS1090
CS15B034,CS4910
CS15B034,CS6014
CS15B034,BT6270
CS15B035,CS3700
CS15B035,CS6120
CS15B035,HS2050
CS15B035,HS4002
CS15B035,MS3610
CS15B035,BT2010
CS15B036,CS6120
CS15B036,CS6570
CS15B036,HS3420A
CS15B036,CS6600
CS15B036,MA2020
CS15B037,CS5691
CS15B037,MS4110
CS15B037,ED1090
CS15B037,CS6100
CS15B037,CS3700
CS15B038,CS3700
CS15B038,CS6023
CS15B038,CS6700
CS15B038,HS3420
CS15B039,CS4910
CS15B039,CS7111
CS15B039,CS6570
CS15B039,CS3700
CS15B039,HS3420
CS15B040,HS2050
CS15B040,BT3072
CS15B040,BT2010
CS15B040,CS6570
CS15B040,CS6023
CS15B041,HS4300
CS15B041,BT6270
CS15B041,CS3700
CS15B042,CS5691
CS15B042,CS6024
CS15B042,CS7015
CS15B042,HS3007
CS15B043,CS6100
CS15B043,CS7015
CS15B043,CS6570
CS15B043,HS3007
CS15B043,GN6101
CS15B044,CS6023
CS15B044,CS6230
CS15B044,CS6600
CS15B044,CE2310
CS15B044,MA2020
CS15B046,CS6251
CS15B046,CS7015
CS15B046,CS6100
CS15B046,CS6570
CS15B047,CS5691
CS15B047,CS6570
CS15B047,CS6600
CS15B047,HS3007
CS15B047,GN6106
CS15B047,CE2310
CS15B048,CS6120
CS15B048,CS6023
CS15B048,CS6230
CS15B048,CS6251
CS15B048,CS6570
CS15B049,GN5001
CS15B049,CS6024
CS15B049,CS6230
CS15B050,CS5691
CS15B050,CS6570
CS15B050,CS6600
CS15B050,MA2010
CS15B050,HS3007
CS15B051,GN6106
CS15B051,CS6600
CS15B051,CS6570
CS15B051,CS7111
CS15B051,CS6120
CS15B052,CS6570
CS15B052,CS6023
CS15B052,CS4910
CS15B052,CS6230
CS15B052,HS3007
CS15B053,CS4900
CS15B053,CS6700
CS15B053,CS6251
CS15B053,MA2020
CS15B053,HS3031
CS15B054,CS6024
CS15B054,CS6230
CS15B054,MA2010
CS15B055,HS4571
CS15B055,GN5001
CS15B055,GN6101
CS15B056,CS6023
CS15B056,CS6570
CS15B056,CS6600
CS15B056,HS3007
CS15B056,MA2010
CS15B057,CS6251
CS15B057,CS6570
CS15B057,CS7111
CS15B057,MA2020
CS15B057,MA5450
CS15B057,HS3007
CS15B058,CS6700
CS15B058,CS6251
CS15B058,CS4900
CS15B058,BT6270
CS15B058,HS3420A
CS15B058,MA2020
CS15B059,CS5691
CS15B059,HS4300
CS15B059,ED1031
CS15B059,CS6570
CS15B059,CS4900
CS15B060,CS7011
CS15B060,CS6100
CS15B060,CS5020
CS15B060,GN6106
CS15B060,HS2050
CS15B061,CS4910
CS15B061,CS6251
CS15B061,CS6100
CS15B061,CS7011
CS15B061,BT6270
CS16B001,CS6014
CS16B001,HS4002
CS16B002,CS3700
CS16B002,HS3002C
CS16B003,CS3700
CS16B004,CS6100
CS16B004,HS4031
CS16B005,CS3700
CS16B005,HS4031
CS16B006,CS5691
CS16B007,CS5691
CS16B008,HS3002C
CS16B008,CS6100
CS16B009,CS6100
CS16B009,HS4031
CS16B010,CS6100
CS16B010,HS3002C
CS16B011,CS6014
CS16B011,CS6100
CS16B012,CS6014
CS16B012,MA5890
CS16B013,MA5440
CS16B013,CS3700
CS16B015,CS3700
CS16B016,CS5691
CS16B017,CS6014
CS16B017,MA6470
CS16B018,CS3700
CS16B019,CS3700
CS16B020,CS3700
CS16B020,HS4031
CS16B021,CS5691
CS16B022,CS5691
CS16B023,MS3510
CS16B023,MA5310
CS16B024,CS3700
CS16B024,CS6023
CS16B025,CS6700
CS16B026,CS6100
CS16B026,HS3002C
CS16B028,CS3700
CS16B028,HS4031
CS16B029,CS6600
CS16B029,CS3700
CS16B030,CS6023
CS16B030,CS6014
CS16B031,CS3700
CS16B031,AM6516
CS16B032,CS5691
CS16B032,HS3002C
CS16B033,CS5691
CS16B033,HS4031
CS16B034,CS3700
CS16B035,CS3700
CS16B036,CS3700
CS16B036,HS4031
CS16B038,CS5691
CS16B039,CS3700
CS16B039,HS3002C
CS16B042,CS6700
CS16B043,CS5691
CS16B044,CS5691
CS16B044,MA2031
CS16B045,CS5691
CS16B046,CS5691
CS16B046,HS5920
CS16B047,CS5691
CS16B101,CS6230
CS16B102,CS6014
CS16B102,CS6100
CS16B102,CS6023
CS16B103,CS3700
CS16B105,CS6014
CS16B106,CS5691
CS16B106,MA2031
CS16B107,CS5691
CS16B108,CS5691
CS16B109,CS3700
CS16B109,CS5020
CS16B110,CS5691
CS16B111,CS5691
CS16B112,CS6014
CS16B112,CS6100
CS16B113,CS5691
CS16B114,CS3700
CS16B114,MS3510
CS16B115,CS5691
CS16B115,MA2010
CS17B001,HS3002
CS17B001,MS3610
CS17B002,HS1090
CS17B002,MS3610
CS17B003,HS1090
CS17B003,EE3301
CS17B004,MS3510
CS17B004,HS3002A
CS17B005,HS3002A
CS17B005,MS3610
CS17B006,HS3002
CS17B006,MS3510
CS17B007,HS3002
CS17B008,HS3002
CS17B008,MS3610
CS17B009,HS5920
CS17B009,MS3610
CS17B010,HS3002A
CS17B010,MS3610
CS17B011,HS3002
CS17B011,MS3520
CS17B012,HS3002
CS17B012,MS3520
CS17B013,HS3002
CS17B013,MS3520
CS17B014,HS3002
CS17B014,MS3520
CS17B015,HS3002
CS17B015,MS3710
CS17B016,HS5920
CS17B016,GN6106
CS17B017,HS3002
CS17B017,GN6106
CS17B018,HS1090
CS17B018,BT2010
CS17B019,HS3002
CS17B019,MS3510
CS17B020,HS1110
CS17B020,BT2010
CS17B021,HS3002C
CS17B021,MS3520
CS17B022,HS3002A
CS17B022,BT2010
CS17B023,HS3002A
CS17B023,MS3510
CS17B024,HS3002
CS17B024,MS3520
CS17B025,HS3002
CS17B025,MS3520
CS17B026,HS3002
CS17B027,HS4002
CS17B028,HS3002A
CS17B028,MS3510
CS17B029,HS3002
CS17B029,MA5400
CS17B030,HS3002
CS17B030,MA5370
CS17B031,HS3002
CS17B031,MA5370
CS17B033,HS3002
CS17B033,BT2010
CS17B034,HS3002
CS17B034,MS3520
CS17B035,HS3002A
CS17B035,BT2010
CS17B036,HS3002
CS17B036,BT2010
CS17B037,HS3002
CS17B037,CH2061
CS17B038,HS3002A
CS17B038,MS3710
CS17B039,HS3002C
CS17B039,MA5400
CS17B040,HS3002C
CS17B041,HS3002
CS17B041,MA5370
CS17B042,HS3002
CS17B042,MS3610
CS17B044,HS4002
CS17B044,AM5010
CS17B045,HS3002C
CS17B046,HS1090
CS17B046,MS4110
CS17B047,HS1090
CS17B047,MS3510
CS17B048,HS3002C
CS17B048,PH3500
CS17B049,MS3610
CS17B049,HS3002C
CS17B101,HS3002C
CS17B101,PH3500
CS17B102,MA5400
CS17B102,HS3002A
CS17B103,HS3002
CS17B103,MS3610
CS17B104,HS1110
CS17B104,MS3610
CS17B105,HS3002
CS17B106,HS3002
CS17B106,MS3510
CS17B107,HS1090
CS17B107,EP2110
CS17B108,HS1090
CS17B108,MS3510
CS17B109,HS1090
CS17B109,MS3610
CS17B110,HS3002
CS17B110,MS3510
CS17B111,HS3002C
CS17B112,MS3510
CS17B113,HS3002
CS17B113,MS3510
CS17B114,HS3002C
CS17B114,MA5400
CS17B115,HS4031
CS17B115,BT6270
CS17B116,MS3510
ED15B001,ED5315
ED15B001,ME6221
ED15B001,AM6516
ED15B001,ED1090
ED15B004,MA2130
ED15B004,ED1090
ED15B006,CS6700
ED15B006,CS5020
ED15B006,ED1090
ED15B006,MA5710
ED15B007,ID5030
ED15B007,ED5016
ED15B007,ED1090
ED15B007,GN6107
ED15B008,GN5001
ED15B008,GN6101
ED15B008,HS2030
ED15B008,ED5016
ED15B009,ED5317
ED15B009,HS2030
ED15B009,GN6101
ED15B010,MA5710
ED15B010,ED6002
ED15B010,ED5312
ED15B010,ED1091
ED15B011,ED1090
ED15B011,AS5570
ED15B011,AS5711
ED15B011,MS3710
ED15B012,HS2030
ED15B012,ID5030
ED15B012,AM5016
ED15B013,ID6105
ED15B013,CS5020
ED15B013,ED1090
ED15B013,MA5710
ED15B014,GN6101
ED15B014,GN5001
ED15B014,HS2030
ED15B015,HS2030
ED15B015,GN6101
ED15B015,ED5016
ED15B015,ED1090
ED15B016,MS3710
ED15B016,GN5001
ED15B016,HS2030
ED15B016,CE4670
ED15B017,HS3002C
ED15B017,MS3520
ED15B017,MA2130
ED15B017,MS4100
ED15B018,ED1090
ED15B018,MA2031
ED15B018,ED5314
ED15B018,GN6107
ED15B019,AM5016
ED15B019,AM6516
ED15B019,ED1091
ED15B019,ED6002
ED15B020,AM5011
ED15B020,MA2031
ED15B020,HS3002A
ED15B020,AM6516
ED15B021,CH5350
ED15B021,CS6700
ED15B021,CS5020
ED15B021,HS6940
ED15B022,HS3420A
ED15B022,AS5320
ED15B022,ED1090
ED15B022,AM5014
ED15B023,ID5030
ED15B023,ED1090
ED15B024,ID5030
ED15B024,BT6270
ED15B024,ED1090
ED15B025,GN6106
ED15B026,MS3610
ED15B026,MS4100
ED15B026,CH5350
ED15B026,ED1091
ED15B027,ED5315
ED15B027,CS5020
ED15B027,ED1091
ED15B028,HS2030
ED15B028,GN5001
ED15B029,MS6010
ED15B029,ED1090
ED15B029,MS3610
ED15B030,HS2030
ED15B030,ED5317
ED15B030,GN6101
ED15B030,ED5011
ED15B031,ID5030
ED15B031,HS3002A
ED15B031,AM6516
ED15B032,HS4001
ED15B032,ID5030
ED15B033,ED1090
ED15B033,GN6101
ED15B033,MS3710
ED15B034,GN6101
ED15B034,HS2030
ED15B034,GN5001
ED15B035,CS5020
ED15B035,ED1090
ED15B035,HS3031
ED15B036,CS5020
ED15B036,ED1091
ED15B036,MA6270
ED15B036,MS4100
ED15B037,HS2030
ED15B037,CH3150
ED15B037,ED5317
ED15B039,HS3420
ED15B039,MS3710
ED15B039,GN6107
ED15B040,ID5030
ED15B040,ED1090
ED15B040,GN6106
ED15B040,ED5016
ED15B041,ED6002
ED15B041,HS3420
ED15B041,AM5050
ED15B041,GN6107
ED15B042,ED1090
ED15B042,GN6107
ED15B042,CE5870
ED15B042,AM5050
ED15B043,CH5350
ED15B043,ED5317
ED15B043,HS2030
ED15B043,GN6101
ED15B044,ED5312
ED15B044,ED6002
ED15B044,ED1091
ED15B044,MA5710
ED15B046,GN5001
ED15B046,MA2130
ED15B046,HS2050
ED15B047,ED5314
ED15B047,HS2030
ED15B047,AM5050
ED15B047,ED5317
ED15B048,ED5312
ED15B048,ED1090
ED15B048,GN6101
ED15B050,ED5312
ED15B050,ED1090
ED15B050,MA5720
ED15B050,MM5006
ED15B051,ED5314
ED15B051,ED1090
ED15B051,CS5020
ED15B051,HS6940
ED15B052,CH5350
ED15B052,CS5020
ED15B052,HS6940
ED15B053,MA5710
ED15B053,ED6002
ED15B053,ED5312
ED15B053,ED1091
ED15B055,MA2130
ED15B055,BT5071
ED15B055,ED1091
ED15B056,ED6002
ED15B056,AS5570
ED15B056,HS2030
ED16B001,ME5128
ED16B002,ED5315
ED16B003,AS5570
ED16B005,HS3002A
ED16B006,HS3002A
ED16B008,AM5510
ED16B008,CE5190
ED16B010,HS3002A
ED16B011,HS4001
ED16B011,GN6101
ED16B012,HS4001
ED16B013,HS3002A
ED16B014,HS4001
ED16B015,GN6106
ED16B016,ID6105
ED16B017,AM6516
ED16B018,HS3002A
ED16B019,HS4001
ED16B020,AS5570
ED16B020,HS3002A
ED16B020,ED5011
ED16B023,HS3002A
ED16B024,MS4100
ED16B025,HS3002A
ED16B026,HS3002
ED16B028,HS4031
ED16B029,ID6105
ED16B030,HS4001
ED16B031,AM6516
ED16B032,CH5350
ED16B032,AM6516
ED16B034,GN6106
ED16B035,HS3002
ED16B036,GN6106
ED16B039,HS3002
ED16B042,GN6101
ED16B043,ED5315
ED16B046,HS3002A
ED16B048,ED5312
ED16B049,HS3002A
ED16B050,ED5315
ED16B051,AM5450
ED16B054,HS3002A
ED16B056,CH5350
ED16B057,HS3002
ED16B058,MS3510
ED16B058,HS3002A
ED16B059,HS4001
EE15B001,CS3700
EE15B001,EE4140
EE15B001,EE5011
EE15B001,EE5150
EE15B002,EE5142
EE15B002,EE4140
EE15B002,EE4371
EE15B002,EE5150
EE15B003,ID5030
EE15B003,HS4001
EE15B003,MA2130
EE15B004,EE6132
EE15B004,EE5204
EE15B004,CH5350
EE15B004,MS3610
EE15B004,BT3032
EE15B005,MS3510
EE15B005,EE4140
EE15B005,EE5413
EE15B005,HS3420A
EE15B005,MS3610
EE15B006,EE4140
EE15B006,EE5150
EE15B006,EE5011
EE15B007,EE4140
EE15B007,EE4502
EE15B007,EE5150
EE15B007,MS3610
EE15B008,EE4140
EE15B008,EE5311
EE15B008,MS3610
EE15B008,HS3007
EE15B009,MA2130
EE15B009,EE4140
EE15B009,HS2030
EE15B009,BT6270
EE15B010,EE4140
EE15B010,EE5311
EE15B010,HS3007
EE15B010,MS3610
EE15B011,CS6700
EE15B011,EE4140
EE15B011,EE5142
EE15B011,EE5150
EE15B012,EE5142
EE15B012,EE4140
EE15B012,EE4371
EE15B012,HS3420
EE15B012,MA2020
EE15B012,EP3200
EE15B014,CS3700
EE15B014,HS5920
EE15B014,EE5150
EE15B015,EE3003
EE15B015,EE4140
EE15B015,MS3610
EE15B015,EE5311
EE15B015,HS3007
EE15B016,EE3003
EE15B016,EE5150
EE15B016,HS3007
EE15B016,CS6023
EE15B016,MS3610
EE15B017,EE4140
EE15B017,EE4708
EE15B017,EE5150
EE15B017,CH5350
EE15B018,EE4140
EE15B018,EE5150
EE15B018,EE5142
EE15B019,BT3051
EE15B019,EE5142
EE15B020,ID5030
EE15B020,EE5150
EE15B020,HS4010
EE15B020,ID6040
EE15B020,CH5350
EE15B021,EE4140
EE15B021,EE5311
EE15B021,MS3610
EE15B021,HS3007
EE15B022,EE3003
EE15B022,BT1022
EE15B022,MS3610
EE15B022,HS3007
EE15B022,GN6107
EE15B024,EE5011
EE15B024,EE5311
EE15B025,HS1110
EE15B025,BT6270
EE15B025,HS4001
EE15B025,MA2130
EE15B026,MS4110
EE15B026,EE4708
EE15B026,GN6101
EE15B027,EE4140
EE15B027,EE5142
EE15B027,EE5150
EE15B027,EE5311
EE15B027,HS4010
EE15B028,EE3002
EE15B028,EE5311
EE15B028,HS3060
EE15B028,CS6230
EE15B029,CH2061
EE15B029,MA2010
EE15B029,MA5490
EE15B029,MA5370
EE15B029,HS2030
EE15B030,EE4140
EE15B030,MA2020
EE15B030,HS4031
EE15B030,EE5150
EE15B030,ID6040
EE15B031,EE3003
EE15B031,EE4371
EE15B031,BT1022
EE15B031,GN6107
EE15B031,HS3007
EE15B032,EE4140
EE15B032,EE5142
EE15B032,GN6101
EE15B033,MA2020
EE15B033,HS3060
EE15B033,MS3610
EE15B034,AS5711
EE15B034,MS3610
EE15B034,MA5350
EE15B034,HS3060
EE15B034,EE5411
EE15B034,GN6107
EE15B035,HS4010
EE15B035,EE5413
EE15B035,ED5314
EE15B035,ID6040
EE15B036,HS1090
EE15B036,EE5311
EE15B036,EE3003
EE15B036,MS3610
EE15B037,EE6132
EE15B037,EE5150
EE15B037,CH5350
EE15B037,EE4708
EE15B038,EE3003
EE15B038,EE4140
EE15B038,HS4001
EE15B038,MS3610
EE15B038,EE5311
EE15B039,EE4140
EE15B039,EE5142
EE15B039,GN6101
EE15B040,HS4001
EE15B040,MS3610
EE15B040,MA2020
EE15B041,CS3700
EE15B041,EE4140
EE15B041,EE5150
EE15B041,EE5011
EE15B042,EE4140
EE15B042,EE5311
EE15B042,MA2020
EE15B042,EE5011
EE15B043,EE3003
EE15B043,EE4140
EE15B043,EE5311
EE15B043,EE5150
EE15B043,HS3007
EE15B043,MS3610
EE15B044,EE5311
EE15B044,CS6600
EE15B044,CS6230
EE15B044,MA2130
EE15B044,HS3007
EE15B045,MS3510
EE15B045,MS3610
EE15B045,BT1022
EE15B045,GN6106
EE15B045,MA2020
EE15B045,EE1103
EE15B046,CS3700
EE15B046,BT1022
EE15B046,EE1103
EE15B047,EE4140
EE15B047,EE5413
EE15B048,EE4140
EE15B048,EE5311
EE15B048,EE5345
EE15B048,HS2050
EE15B049,AS5711
EE15B049,MA5910
EE15B049,BT1022
EE15B049,HS3060
EE15B049,EE3003
EE15B050,AS5711
EE15B050,GN6106
EE15B050,MA5350
EE15B050,HS3060
EE15B050,EE5411
EE15B051,EE3003
EE15B051,EE4140
EE15B051,MS3610
EE15B051,MA5370
EE15B051,EE5410
EE15B052,EE3005
EE15B052,HS3002A
EE15B052,MS4100
EE15B053,EE4140
EE15B053,EE5142
EE15B053,MA2020
EE15B053,HS2030
EE15B053,EE5150
EE15B054,EE4140
EE15B054,EE5142
EE15B054,EE5150
EE15B054,HS3031
EE15B055,MA2130
EE15B055,EE5413
EE15B055,EE5410
EE15B056,EE2003
EE15B056,EE5150
EE15B056,CS6023
EE15B056,BT6270
EE15B056,HS6940
EE15B057,HS1110
EE15B057,EE4140
EE15B057,EE5150
EE15B057,EE6324
EE15B057,EE5011
EE15B058,ID5030
EE15B058,BT3051
EE15B058,HS4571
EE15B058,EE5204
EE15B059,EE3003
EE15B059,EE4140
EE15B059,MS3610
EE15B059,HS2050
EE15B059,EE5413
EE15B060,MA5440
EE15B060,BT1022
EE15B060,EE3003
EE15B062,CH5350
EE15B062,HS4001
EE15B062,MS3610
EE15B062,EE4708
EE15B063,EE3003
EE15B063,EE4140
EE15B063,EE5204
EE15B063,HS3007
EE15B063,MS3610
EE15B064,GN6101
EE15B064,EE4140
EE15B064,EE5142
EE15B064,MA2130
EE15B065,HS3420
EE15B065,MA2130
EE15B065,CS6100
EE15B065,EE5011
EE15B066,EE3003
EE15B066,MS3610
EE15B067,EE4140
EE15B067,EE5150
EE15B067,EE5120
EE15B067,HS3420A
EE15B068,EE4140
EE15B068,HS4300
EE15B068,CH5350
EE15B068,EE4371
EE15B069,CH5350
EE15B069,MA2130
EE15B069,HS4001
EE15B069,MS6010
EE15B069,MA6380
EE15B070,EE4140
EE15B070,EE5120
EE15B070,MA2130
EE15B070,HS4300
EE15B070,MS3610
EE15B070,EE5311
EE15B072,EE4140
EE15B072,EE5311
EE15B072,EE4371
EE15B072,MA2130
EE15B072,HS3420A
EE15B073,EE4140
EE15B073,EE5311
EE15B073,EE6324
EE15B074,EE4140
EE15B074,EE5150
EE15B074,EE5311
EE15B074,HS3007
EE15B075,BT3051
EE15B075,HS2050
EE15B075,EE5413
EE15B075,EE3003
EE15B076,EE4140
EE15B076,EE5150
EE15B076,EE3002
EE15B076,HS3420
EE15B077,EE6132
EE15B077,CH5350
EE15B077,EE5150
EE15B077,EE4708
EE15B078,EE5150
EE15B078,EE4140
EE15B078,HS4350
EE15B078,MS3610
EE15B079,EE4708
EE15B079,MS4110
EE15B079,HS2030
EE15B079,EE3003
EE15B079,CH5350
EE15B079,CE5900
EE15B080,EE3313
EE15B080,EE5311
EE15B080,EE3002
EE15B080,EE5410
EE15B080,GN6101
EE15B080,EE5345
EE15B081,EE4140
EE15B081,EE5311
EE15B081,HS3420
EE15B081,EE3003
EE15B082,EE4140
EE15B082,EE5142
EE15B082,EE5150
EE15B082,CH5350
EE15B082,BT6270
EE15B082,HS3420
EE15B083,EE4140
EE15B083,EE5142
EE15B083,EE5150
EE15B083,CH5350
EE15B083,HS3420
EE15B084,EE3005
EE15B084,EE2003
EE15B084,EE4502
EE15B084,GN6101
EE15B084,MS3710
EE15B085,HS1090
EE15B085,EE5150
EE15B086,EE4708
EE15B086,CH5350
EE15B086,BT6270
EE15B086,HS3420
EE15B087,MA5910
EE15B087,CH5350
EE15B087,EE4371
EE15B087,HS2030
EE15B087,MS3610
EE15B088,CS7011
EE15B088,PH5840
EE15B088,CH5350
EE15B088,BT6270
EE15B089,EE3003
EE15B089,EE4140
EE15B089,EE5150
EE15B089,EE3002
EE15B089,EE5311
EE15B089,BT3032
EE15B090,EE3002
EE15B090,EE5311
EE15B090,EE5410
EE15B090,EE3313
EE15B092,EE5142
EE15B092,HS4300
EE15B092,EE3002
EE15B092,CH5350
EE15B093,EE3003
EE15B093,EE5120
EE15B093,EE3002
EE15B093,EE5410
EE15B093,PH3500
EE15B094,CS3500
EE15B094,CS6023
EE15B094,CS6230
EE15B094,GN6101
EE15B095,EE6132
EE15B095,EE3005
EE15B095,CH5350
EE15B095,HS3420A
EE15B096,ID5030
EE15B096,CH5350
EE15B096,HS4001
EE15B096,EE3003
EE15B097,EE4140
EE15B097,EE5150
EE15B097,EE3002
EE15B097,HS3420
EE15B097,CS6023
EE15B098,EE5150
EE15B098,HS4350
EE15B099,EE4140
EE15B099,EE5150
EE15B099,BT6270
EE15B099,CH5350
EE15B100,EE4140
EE15B100,EE5150
EE15B100,EE4371
EE15B100,EP3200
EE15B100,HS4350
EE15B101,ID5030
EE15B101,CH5350
EE15B101,EE4708
EE15B102,EE4371
EE15B102,EE4140
EE15B102,EE5150
EE15B102,EE3003
EE15B102,HS4350
EE15B102,GN6101
EE15B103,EE4140
EE15B103,EE4371
EE15B103,EE5150
EE15B103,EP3200
EE15B103,GN6101
EE15B104,MA2040
EE15B104,MS3520
EE15B104,EE4371
EE15B104,CH5350
EE15B104,EE5150
EE15B105,EE3005
EE15B105,EE6132
EE15B105,CH5350
EE15B106,EE4371
EE15B106,PH5840
EE15B106,EE4502
EE15B106,EE5150
EE15B107,EE4708
EE15B107,CH5350
EE15B107,HS2030
EE15B107,MA2130
EE15B108,CS7011
EE15B108,EE6132
EE15B108,EE3005
EE15B108,CS6570
EE15B109,CS7015
EE15B109,EE4371
EE15B109,HS2030
EE15B110,CS2700A
EE15B110,MS3710
EE15B110,EE2003
EE15B110,EE5253
EE15B110,GN6101
EE15B111,EE3005
EE15B111,EE4371
EE15B111,EP3200
EE15B112,EE5142
EE15B112,EE4140
EE15B112,HS3007
EE15B113,MA2130
EE15B113,EE5142
EE15B113,EE5120
EE15B113,HS3420
EE15B114,EE5142
EE15B114,EE3002
EE15B114,CH5350
EE15B114,HS3031
EE15B115,EE3003
EE15B115,EE4140
EE15B115,GN6101
EE15B116,EE4708
EE15B116,CH5350
EE15B116,MA2130
EE15B117,CH5350
EE15B117,MA5014
EE15B117,MA6380
EE15B118,GN6101
EE15B119,EE3003
EE15B119,EE5410
EE15B119,EE4708
EE15B120,EE3003
EE15B120,EE4140
EE15B120,EE5150
EE15B120,HS4005
EE15B122,EE5142
EE15B122,HS3031
EE15B123,MS4100
EE15B123,MA2130
EE15B123,EE4708
EE15B124,EE3005
EE15B124,MA2130
EE15B124,MS4100
EE15B125,HS1110
EE15B125,BT6270
EE15B125,EE4502
EE15B125,CS3100
EE15B125,MA2130
EE15B125,ED1031
EE15B126,HS1090
EE15B126,EE6324
EE15B126,EP3200
EE15B127,EE5150
EE15B127,EE4140
EE15B127,GN6101
EE15B127,HS4031
EE15B127,HS3031
EE15B128,ED1031
EE15B128,EE5413
EE15B129,MA2130
EE15B129,MS4100
EE15B130,CS7015
EE15B130,CS7011
EE15B130,HS3420A
EE15B131,HS4031
EE15B131,MS4100
EE15B131,GN6101
EE15B132,BT6270
EE15B132,CS6700
EE15B132,EE5142
EE15B132,CS6360
EE15B132,CH5350
EE15B133,EE5311
EE15B133,EE4371
EE15B133,CH5350
EE15B134,EE4140
EE15B134,EE5142
EE15B134,EE5120
EE15B134,HS4350
EE15B134,EE5311
EE16B001,EE4371
EE16B001,EE3005
EE16B001,EE3002
EE16B002,EE3005
EE16B002,EE4371
EE16B004,EE3005
EE16B004,MS3510
EE16B004,MA2020
EE16B005,EE3002
EE16B005,EE3005
EE16B005,MA2010
EE16B006,MS3510
EE16B006,MA2010
EE16B006,EE5120
EE16B007,EE3005
EE16B007,EE2003
EE16B008,EE3005
EE16B008,EE4371
EE16B008,EE2003
EE16B009,MA2010
EE16B009,EE3005
EE16B009,EE3002
EE16B010,EE3003
EE16B010,EE3005
EE16B010,EE5120
EE16B012,EE3005
EE16B012,EE3313
EE16B012,EE3002
EE16B013,EE3003
EE16B013,EP3200
EE16B013,EE5204
EE16B014,EE5150
EE16B014,EE3002
EE16B014,EE3313
EE16B015,MA2040
EE16B015,EE3002
EE16B015,MS6010
EE16B016,EE3002
EE16B016,EE2003
EE16B017,EE3005
EE16B017,EE4371
EE16B017,EE3002
EE16B018,EE4140
EE16B018,EE3005
EE16B018,EE3002
EE16B019,EE4140
EE16B019,EE3002
EE16B020,MA2040
EE16B020,EE3005
EE16B020,EE3002
EE16B021,EE3005
EE16B021,EE4371
EE16B021,EE3002
EE16B022,EE4140
EE16B022,EE3002
EE16B023,EE3002
EE16B023,EE3005
EE16B024,MA2031
EE16B024,EE3002
EE16B025,EE5120
EE16B025,EE3005
EE16B025,EE3002
EE16B026,EE4371
EE16B026,EE3005
EE16B026,EE3002
EE16B027,EE4371
EE16B027,EE3005
EE16B027,EE3002
EE16B028,EE4371
EE16B028,EE3002
EE16B029,EE3002
EE16B029,EE3005
EE16B029,EE2003
EE16B030,EE3002
EE16B030,EE3003
EE16B031,EE5120
EE16B031,EE4371
EE16B032,EE3002
EE16B032,EE3005
EE16B032,MA2010
EE16B033,EE5120
EE16B033,EE6132
EE16B034,ID5030
EE16B034,MA2010
EE16B034,EE3005
EE16B034,EE3002
EE16B035,EE3005
EE16B035,EE3002
EE16B035,MA2010
EE16B036,EE3005
EE16B036,CS6700
EE16B036,EE4371
EE16B036,EE3002
EE16B037,EE3005
EE16B037,EE3002
EE16B037,MA2010
EE16B038,EE3002
EE16B038,MA2020
EE16B039,MA2010
EE16B039,EE3005
EE16B039,EE2003
EE16B040,EE6132
EE16B040,EE5120
EE16B041,EE4140
EE16B041,EE4371
EE16B041,EE3002
EE16B042,EE5011
EE16B043,EE3005
EE16B043,EE4140
EE16B043,EE3002
EE16B044,ID5030
EE16B044,EE3002
EE16B045,EE4140
EE16B045,EE3005
EE16B045,EE3002
EE16B046,MA2031
EE16B046,EE3005
EE16B046,CS6100
EE16B047,EE3005
EE16B047,EE2003
EE16B047,EE4371
EE16B048,EE4371
EE16B048,EE3005
EE16B048,EE3002
EE16B049,EE4371
EE16B049,EE2003
EE16B050,EE6132
EE16B050,EE3005
EE16B050,BT6270
EE16B051,EE4371
EE16B051,EE3002
EE16B051,EE2003
EE16B052,MA2020
EE16B053,MA2040
EE16B053,EE2003
EE16B053,EE3005
EE16B054,EE3005
EE16B054,EE3313
EE16B054,EE3002
EE16B055,EE5120
EE16B055,EE3005
EE16B055,EE3002
EE16B055,EE2003
EE16B056,EE3003
EE16B056,EE2003
EE16B057,EE3005
EE16B057,EE3003
EE16B057,EE3002
EE16B058,ID5030
EE16B058,EE4371
EE16B059,EE4371
EE16B059,EE3005
EE16B059,EE2003
EE16B060,CS6023
EE16B060,EE5120
EE16B060,EE3002
EE16B061,MA2040
EE16B061,BT6270
EE16B062,EE3005
EE16B062,EE3002
EE16B062,MA2020
EE16B063,EE3005
EE16B063,EE4371
EE16B063,MA2130
EE16B064,BT6270
EE16B064,EE4371
EE16B065,CS6700
EE16B065,BT6270
EE16B065,EE2003
EE16B065,MA2130
EE16B066,EE3005
EE16B066,EE4371
EE16B066,BT6270
EE16B066,MA2010
EE16B067,EE3005
EE16B067,EE3003
EE16B067,EE3002
EE16B068,EE6132
EE16B068,CS6700
EE16B068,EE3005
EE16B068,EE3002
EE16B069,EE3005
EE16B069,EE4371
EE16B069,BT6270
EE16B069,MA2130
EE16B070,MA2040
EE16B070,EE5120
EE16B070,EE3002
EE16B071,EE2003
EE16B071,EE3005
EE16B071,EE3002
EE16B073,ID5030
EE16B073,BT6270
EE16B073,MA2010
EE16B101,MA2040
EE16B101,EE4371
EE16B102,EE3005
EE16B102,EE3002
EE16B102,EE4371
EE16B103,EE3005
EE16B103,MA2031
EE16B103,EE4371
EE16B104,EE3005
EE16B104,EE3002
EE16B105,EE3005
EE16B105,CS6023
EE16B106,EE5120
EE16B106,EE3002
EE16B107,EE3005
EE16B107,CS6100
EE16B107,CS6023
EE16B108,EE3005
EE16B108,EE4371
EE16B108,EE3002
EE16B109,EE3005
EE16B109,CS6023
EE16B109,CS6100
EE16B111,EE4371
EE16B111,EE3005
EE16B112,EE3005
EE16B112,EE3002
EE16B114,EE3005
EE16B115,EE3003
EE16B116,EE4371
EE16B116,EE3005
EE16B116,EE3002
EE16B117,EE4371
EE16B118,EE3005
EE16B118,EE3002
EE16B120,EE5120
EE16B120,CS5020
EE16B121,EE3005
EE16B122,EE3005
EE16B122,EE2003
EE16B123,MA2031
EE16B123,EE3002
EE16B123,EE3005
EE16B124,EE3005
EE16B124,EE4371
EE16B124,BT6270
EE16B125,EE3005
EE16B125,EE4371
EE16B126,EE3005
EE16B126,EE2003
EE16B127,EE4371
EE16B127,EE4140
EE16B127,MA2010
EE16B128,EE4371
EE16B128,MA2031
EE16B128,EE3005
EE16B129,ID5030
EE16B129,MA2031
EE16B129,CS6100
EE16B130,EE3005
EE16B130,AM5119
EE16B131,EE2003
EE16B131,EE3003
EE16B132,EE3002
EE16B132,EE2003
EE16B132,MA2010
EE16B133,EE3005
EE16B133,MS3610
EE16B134,MA2020
EE16B134,EE3005
EE16B134,EE3002
EE16B135,EE3003
EE16B135,EE2003
EE16B136,EE3002
EE16B136,EE2003
EE16B137,MA2031
EE16B137,EE3005
EE16B137,MS3610
EE16B138,EE2003
EE16B138,EE3005
EE16B139,MS3610
EE16B139,EE3003
EE16B140,ID5030
EE16B140,EE4371
EE16B140,EE3002
EE16B141,EE3005
EE16B141,EE2003
EE16B142,BT3051
EE16B142,EE3005
EE16B142,MA2020
EE16B143,ID5030
EE16B143,EE3002
EE16B143,EE2003
EE16B144,CS6100
EE16B144,ID5030
EE16B145,EE4371
EE16B145,MA2031
EE16B145,EE3005
EE16B145,EE2003
EE16B146,EE4371
EE16B147,EE5120
EE16B147,EE4371
EE16B147,EE2003
EE16B148,MA2040
EE16B148,EE2003
EE16B148,EE3002
EE16B149,MA2040
EE16B149,EE3002
EE16B149,EE3005
EE16B150,EE3005
EE16B150,EE3002
EE16B151,EE4371
EE16B151,EE3005
EE16B151,EE2003
EE16B152,EE3002
EE16B152,EE3005
EE16B153,EE3002
EE16B153,EE2003
EE16B154,MA2020
EE16B154,EE3005
EE16B154,EE3002
EE16B156,EE3005
EE16B156,EE2003
EE16B157,MA2031
EE16B157,EE3005
EE16B157,EE3002
EE16B158,EE3005
EE16B158,EE3002
EE16B158,EE3003
EE16B159,EE3005
EE16B159,MS3610
EE16B160,EE3005
EE16B160,EE3002
EE17B001,HS1110
EE17B001,MA2010
EE17B002,HS5920
EE17B002,EP3200
EE17B003,HS1090
EE17B003,MA2010
EE17B004,MA2031
EE17B004,HS5920
EE17B005,MA2031
EE17B005,HS4571
EE17B006,HS1090
EE17B006,MA2010
EE17B007,MA2040
EE17B007,HS3002A
EE17B008,HS1110
EE17B008,MA2010
EE17B009,HS1090
EE17B009,MA2020
EE17B010,MA2040
EE17B010,HS4002
EE17B010,EE3301
EE17B011,MA2031
EE17B011,HS4031
EE17B012,HS4031
EE17B012,MA2031
EE17B012,EP3200
EE17B013,HS4002
EE17B013,MA2031
EE17B014,HS4031
EE17B014,MA2031
EE17B014,MA5330
EE17B015,HS4002
EE17B015,MA2031
EE17B016,MA2031
EE17B016,HS5920
EE17B017,MA2020
EE17B017,HS4031
EE17B018,MA2020
EE17B018,HS4002
EE17B018,MA5470
EE17B019,MA2040
EE17B019,HS4002
EE17B020,MA2010
EE17B021,MA2020
EE17B022,MA2020
EE17B023,HS1090
EE17B023,MA2130
EE17B024,MA2031
EE17B024,HS4031
EE17B025,HS1110
EE17B025,MA2031
EE17B026,MA2010
EE17B027,MA2031
EE17B027,HS4031
EE17B028,MA2031
EE17B028,PH3500
EE17B029,HS4031
EE17B029,MS3610
EE17B030,HS4031
EE17B030,EP3200
EE17B030,MA2020
EE17B031,HS4031
EE17B031,MS3610
EE17B031,MA2130
EE17B032,MA2031
EE17B033,MA2031
EE17B033,PH3500
EE17B033,HS4031
EE17B034,MA2031
EE17B034,HS4031
EE17B035,HS4031
EE17B035,MA2010
EE17B035,MS3610
EE17B036,MA2010
EE17B036,HS3002A
EE17B037,MA2010
EE17B037,HS4002
EE17B038,HS5920
EE17B039,HS3002C
EE17B039,MA2020
EE17B040,MA2130
EE17B040,HS4290
EE17B041,MA2040
EE17B041,HS4002
EE17B042,MA2020
EE17B042,HS3002A
EE17B043,MA2020
EE17B044,MA2040
EE17B044,HS4031
EE17B044,EE3301
EE17B045,HS3002
EE17B046,MA2010
EE17B047,MA2031
EE17B047,HS4290
EE17B048,MA2130
EE17B048,HS4002
EE17B049,MA2031
EE17B049,HS4571
EE17B050,MA2040
EE17B050,HS4290
EE17B051,MA2031
EE17B052,HS4031
EE17B052,MA2130
EE17B052,HS4350
EE17B053,MA2031
EE17B054,EE3301
EE17B054,MA2020
EE17B055,HS1110
EE17B055,MA2020
EE17B056,MA2040
EE17B056,HS5920
EE17B057,HS3002
EE17B057,MA2031
EE17B058,MA2020
EE17B058,HS5920
EE17B059,HS3002A
EE17B059,MA2031
EE17B060,HS4290
EE17B060,MA2010
EE17B061,HS1090
EE17B061,MA2031
EE17B061,EP3200
EE17B062,HS4290
EE17B063,HS1110
EE17B063,MA2020
EE17B064,HS3002
EE17B064,MA2130
EE17B065,MA2031
EE17B065,HS4031
EE17B066,MA2010
EE17B066,HS5920
EE17B067,MA2130
EE17B067,HS3002C
EE17B068,HS1090
EE17B068,MA2010
EE17B069,HS3002C
EE17B070,MA2010
EE17B070,HS4031
EE17B071,MA2031
EE17B072,MA2031
EE17B073,MA2130
EE17B073,HS4031
EE17B073,EE1100
EE17B101,MA2010
EE17B101,HS4571
EE17B102,MA2031
EE17B102,HS4031
EE17B103,MA2010
EE17B104,MA2031
EE17B104,BT6270
EE17B105,MA2020
EE17B106,MA2031
EE17B106,HS4031
EE17B107,MA2031
EE17B108,MA2130
EE17B108,HS5920
EE17B109,HS3002A
EE17B109,MA2130
EE17B111,MA2040
EE17B111,HS4031
EE17B112,HS3002A
EE17B112,MA2130
EE17B113,MA2031
EE17B113,HS4290
EE17B114,MA2040
EE17B114,HS3002C
EE17B115,MA2040
EE17B115,HS4031
EE17B116,MA2010
EE17B117,MA2031
EE17B118,MA2020
EE17B118,HS4290
EE17B119,MA2031
EE17B119,HS4571
EE17B120,MA2010
EE17B121,MA2010
EE17B122,MA2040
EE17B122,HS4571
EE17B123,HS1090
EE17B123,MA2031
EE17B124,MA2010
EE17B124,HS4290
EE17B125,MA2031
EE17B125,HS4290
EE17B126,HS1110
EE17B126,MA2031
EE17B127,HS3002C
EE17B127,MA2031
EE17B128,MA2010
EE17B128,HS5920
EE17B129,HS1090
EE17B129,MA2031
EE17B130,HS4031
EE17B130,ED1091
EE17B130,MA2020
EE17B131,MA2031
EE17B131,BT6270
EE17B131,HS3002C
EE17B132,HS1090
EE17B133,MA2031
EE17B133,HS4571
EE17B134,MA2040
EE17B134,GN6106
EE17B135,HS1090
EE17B135,EP3200
EE17B136,MA2040
EE17B136,HS4571
EE17B137,MA2040
EE17B137,HS4571
EE17B138,MA2130
EE17B138,HS4290
EE17B138,EE5011
EE17B139,MA2031
EE17B139,BT6270
EE17B139,HS5920
EE17B140,MA2010
EE17B140,HS5920
EE17B141,MA2031
EE17B141,HS3002A
EE17B142,MA2020
EE17B142,HS3002C
EE17B143,MA2010
EE17B144,MA2031
EE17B144,HS4031
EE17B145,HS1110
EE17B145,MA2031
EE17B146,HS4031
EE17B146,MS3610
EE17B147,MA2031
EE17B147,HS4031
EE17B148,MA2010
EE17B149,HS1090
EE17B149,MA2031
EE17B151,HS3002C
EE17B152,HS1090
EE17B152,MA2031
EE17B153,MA2020
EE17B154,MA2130
EE17B154,HS4002
EE17B155,HS3002A
EE17B155,MA2130
EE17B156,MA2130
EE17B156,HS4002
EE17B157,MA2031
EE17B158,MA2130
EE17B158,HS3002C
EE17B159,MA2031
EE17B159,HS4571
EP15B001,HS2030
EP15B001,ME1480slotC
EP15B002,HS4031
EP15B002,EE4371
EP15B002,MA5470
EP15B003,PH2170
EP15B004,PH5460
EP15B004,HS2050
EP15B004,MA2130
EP15B004,ME1480slotS1
EP15B005,CS6700
EP15B005,CH5170
EP15B005,EE5204
EP15B005,PH5211
EP15B006,HS4300
EP15B006,CS6251
EP15B006,BT6270
EP15B007,HS1090
EP15B007,MA2130
EP15B007,PH5840
EP15B008,PH2170
EP15B008,EP2100
EP15B009,MA2020
EP15B009,HS4571
EP15B010,PH5460
EP15B010,PH5840
EP15B010,MA2020
EP15B010,HS4350
EP15B011,EP2100
EP15B011,EE5150
EP15B011,MA2130
EP15B011,EE1102
EP15B012,PH5840
EP15B012,HS4300
EP15B012,CS7111
EP15B013,HS3031
EP15B013,EP2100
EP15B013,HS4290
EP15B014,EE5311
EP15B014,EE6341
EP15B014,EE3002
EP15B014,HS3060
EP15B015,EE5413
EP15B015,EE5411
EP15B015,ID6040
EP15B016,GN5001
EP15B016,CH5350
EP15B016,EE5413
EP15B017,EE4371
EP15B017,HS4571
EP15B017,EE3002
EP15B017,EE5311
EP15B018,PH5840
EP15B018,PH5110
EP15B018,PH2170
EP15B019,PH5211
EP15B019,PH3500
EP15B019,MA2130
EP15B020,PH5211
EP15B020,HS4290
EP15B023,PH5211
EP15B023,PH5840
EP15B024,HS4031
EP15B024,MA2031
EP15B024,MS4120
EP15B024,MS4100
EP15B024,PH3500
EP15B025,HS1090
EP15B025,EE4371
EP15B025,PH5840
EP15B026,MS4100
EP15B026,MA2031
EP15B027,CS3500
EP15B027,HS4031
EP15B027,PH5840
EP15B027,MA2130
EP15B028,CH5170
EP15B028,CH5350
EP15B028,CS3700
EP15B028,EE4708
EP15B030,PH5460
EP15B030,PH5840
EP15B030,HS2050
EP15B031,CH5170
EP15B031,EE5411
EP15B031,EE5413
EP15B031,ID6040
EP16B001,EE3005
EP16B001,MA2031
EP16B001,EP2100
EP16B001,HS4571
EP16B002,EE3005
EP16B002,MS3610
EP16B003,PH5460
EP16B003,PH5840
EP16B003,MA2020
EP16B004,HS3002A
EP16B004,EE4371
EP16B004,MS3610
EP16B005,MA2031
EP16B005,HS3002C
EP16B005,PH5840
EP16B006,EE3005
EP16B006,EE4371
EP16B007,MA2040
EP16B007,MA5330
EP16B008,HS3002A
EP16B008,MA5430
EP16B009,EE4371
EP16B009,EP2100
EP16B010,HS4031
EP16B010,EE2016
EP16B010,MS3610
EP16B011,HS3002C
EP16B011,MA2031
EP16B012,PH5460
EP16B012,EE4371
EP16B013,HS3002C
EP16B013,PH5840
EP16B014,EE4371
EP16B014,EP2100
EP16B016,MA2031
EP16B016,EP2100
EP16B017,HS4571
EP16B017,EP2100
EP16B018,HS4571
EP16B018,EP2100
EP16B020,PH5840
EP16B020,EP3200
EP16B021,HS5920
EP16B021,MA2010
EP16B021,EP2100
EP16B022,HS1110
EP16B022,EE5120
EP16B022,PH5840
EP16B023,EP2100
EP16B024,HS3002C
EP16B024,MA2031
EP16B025,HS3002
EP16B025,EP2100
EP16B026,HS1090
EP16B026,EE3005
EP16B027,MA2010
EP16B027,EE3002
EP16B028,EE4371
EP16B028,PH5840
EP16B028,MS3610
EP16B029,PH5460
EP16B029,MA2010
EP16B029,PH5840
EP16B030,HS3002
EP16B030,PH5840
EP16B030,EE3002
EP16B030,MA2130
EP17B001,HS3002
EP17B001,MA2020
EP17B001,EP2100
EP17B002,HS3002
EP17B003,MA2040
EP17B004,HS4290
EP17B004,MA2010
EP17B004,HS4350
EP17B005,MA2010
EP17B005,EP2100
EP17B006,HS1110
EP17B006,MA2020
EP17B007,MA2040
EP17B008,MA2130
EP17B008,HS4031
EP17B009,MA2040
EP17B009,EP2100
EP17B010,HS3002
EP17B010,MA2020
EP17B011,MA2020
EP17B011,HS3002A
EP17B013,MA2020
EP17B015,HS5920
EP17B015,MA2010
EP17B017,HS1090
EP17B017,MA2020
EP17B018,HS3002C
EP17B018,MA2010
EP17B018,HS3007
EP17B019,HS4571
EP17B019,MA2130
EP17B020,HS3002
EP17B020,MA2020
EP17B021,HS3002A
EP17B022,MA2040
EP17B022,HS3002A
EP17B023,HS3002A
EP17B023,MA2020
EP17B024,HS5920
EP17B024,MA2020
EP17B025,HS3002
EP17B025,MA2031
EP17B026,MA2020
EP17B027,MA2031
EP17B027,HS3002C
EP17B027,EP2100
EP17B028,MA2130
EP17B029,HS3002
EP17B029,MA2020
EP17B030,HS3002
EP17B030,MA2020
EP17B030,HS4350
ME15B001,ME5303
ME15B001,ME5204
ME15B001,MS3710
ME15B001,HS3420A
ME15B001,ME5128
ME15B001,ME6280
ME15B001,ED1021
ME15B002,CH5350
ME15B002,ME7020
ME15B002,ME6280
ME15B002,HS3420
ME15B003,ME5103
ME15B003,ME6127
ME15B003,AS5420
ME15B003,ME6280
ME15B003,ME5204
ME15B003,ME5303
ME15B003,HS4350
ME15B005,ME6280
ME15B005,ID6106
ME15B005,ME5201
ME15B005,ME5204
ME15B006,ME5204
ME15B006,ME6280
ME15B006,MS3610
ME15B006,ME5303
ME15B006,HS3420A
ME15B006,MA2130
ME15B007,ME5303
ME15B007,ME7020
ME15B007,ID6040
ME15B007,CH5350
ME15B007,ME5323
ME15B007,ME5201
ME15B007,HS3031
ME15B009,ME6280
ME15B009,ME4550
ME15B009,ME6127
ME15B009,ME5109
ME15B009,HS2030
ME15B009,ME5103
ME15B010,MA2040
ME15B010,MS3520
ME15B010,ME6280
ME15B010,HS2030
ME15B010,ME6127
ME15B010,ME5303
ME15B011,ID5030
ME15B011,HS4300
ME15B011,ID6106
ME15B011,ME5201
ME15B011,ME5204
ME15B011,ME5132
ME15B012,ME5132
ME15B012,HS4300
ME15B012,MS3710
ME15B012,MS6010
ME15B012,ID5030
ME15B013,ME6280
ME15B013,ME5307
ME15B013,HS3420A
ME15B013,GN6106
ME15B013,CE1010
ME15B013,PE6050
ME15B014,HS2030
ME15B014,ME6280
ME15B014,ME5307
ME15B014,PE6050
ME15B014,GN6101
ME15B015,HS4001
ME15B015,MS6010
ME15B015,ME5323
ME15B015,ME5303
ME15B015,ME5307
ME15B015,ME5305
ME15B016,GN5001
ME15B016,GN6107
ME15B016,HS3420A
ME15B016,ME5307
ME15B016,ME6280
ME15B016,CE1010
ME15B016,PE6050
ME15B017,ME6280
ME15B017,ME5129
ME15B017,GN6101
ME15B017,MS3710
ME15B018,ME5103
ME15B018,ME6280
ME15B018,HS3031
ME15B018,MS3610
ME15B018,ME6127
ME15B018,GN6101
ME15B018,AM5011
ME15B019,ME6280
ME15B019,ME5129
ME15B019,GN6101
ME15B019,MS3710
ME15B019,ME6127
ME15B020,HS4300
ME15B020,ME3126
ME15B020,ME6280
ME15B020,MS3710
ME15B020,ME5303
ME15B020,GN6101
ME15B021,HS3420A
ME15B021,MS3610
ME15B021,ME5132
ME15B021,ME4550
ME15B022,MA2010
ME15B022,ME5132
ME15B022,ME5204
ME15B022,HS3420
ME15B022,ME3126
ME15B022,ME6280
ME15B024,GN6101
ME15B024,ME5129
ME15B024,ME6280
ME15B024,MS3610
ME15B024,ME6127
ME15B025,ME5129
ME15B025,ME6280
ME15B025,GN6101
ME15B026,MA2010
ME15B026,ME5132
ME15B026,ME3126
ME15B026,ME6280
ME15B026,HS3420
ME15B026,ME5204
ME15B027,ME6280
ME15B027,AM5630
ME15B027,GN6106
ME15B028,ME2201
ME15B028,BT3230
ME15B028,ME6580
ME15B028,ME7200
ME15B029,CH5350
ME15B029,ME7020
ME15B029,HS3420A
ME15B029,MA2130
ME15B029,AS5570
ME15B029,ID5030
ME15B030,ED5160
ME15B030,ID5030
ME15B030,MS3610
ME15B031,ME5204
ME15B031,ME5201
ME15B031,ID5030
ME15B031,ME3126
ME15B031,MS3610
ME15B031,HS4350
ME15B032,ME3126
ME15B032,ME3250
ME15B032,GN6101
ME15B032,HS3060
ME15B033,ME3250
ME15B033,HS4300
ME15B033,GN6106
ME15B033,ME3126
ME15B034,MA5440
ME15B034,ME4550
ME15B034,NE6310
ME15B034,ME5132
ME15B034,AS5420
ME15B034,HS2030
ME15B035,HS2050
ME15B035,ME5303
ME15B035,ME5305
ME15B035,MA2130
ME15B035,ME6280
ME15B035,ME5204
ME15B036,NE6310
ME15B036,AM5450
ME15B036,ME4550
ME15B036,ME5128
ME15B036,ME5107
ME15B036,AS5420
ME15B037,MA5310
ME15B037,MS4100
ME15B037,MS3610
ME15B037,ME5132
ME15B038,MA2040
ME15B038,ME5204
ME15B038,MS3610
ME15B038,ME3126
ME15B038,ID5030
ME15B038,HS3420
ME15B039,BT1022
ME15B039,MS4100
ME15B039,MS6010
ME15B040,GN5001
ME15B040,GN6106
ME15B040,BT6270
ME15B040,ME6580
ME15B041,ME4550
ME15B041,ME6280
ME15B041,MS3520
ME15B041,ME6127
ME15B041,HS2030
ME15B041,ME5103
ME15B042,MS3510
ME15B042,GN5001
ME15B042,GN6106
ME15B042,BT3230
ME15B043,ME6280
ME15B043,ME5128
ME15B043,PE6050
ME15B043,ME6226
ME15B043,EE5204
ME15B043,MA6080
ME15B044,ME6221
ME15B044,ED5080
ME15B044,ID6040
ME15B044,ED5315
ME15B044,ME5303
ME15B045,ED5160
ME15B045,ED5330
ME15B045,ED5312
ME15B045,ME7020
ME15B045,ME5303
ME15B045,ME4550
ME15B046,HS2030
ME15B046,AS5610
ME15B046,OE5310
ME15B046,ME5132
ME15B046,MS3610
ME15B046,MA5490
ME15B046,AS5545
ME15B047,CH5020
ME15B047,ME6280
ME15B047,HS2030
ME15B047,MA2130
ME15B048,ME5303
ME15B048,ME6221
ME15B048,ED5314
ME15B048,ID6040
ME15B048,ME7223
ME15B049,MA2040
ME15B049,ME5303
ME15B049,ID5030
ME15B049,MS3610
ME15B050,HS3420
ME15B050,ME3250
ME15B050,ME5107
ME15B050,ME5109
ME15B050,ME5303
ME15B051,MS3510
ME15B051,MS4110
ME15B051,MA2130
ME15B051,GN6107
ME15B051,ME6225
ME15B051,AS5420
ME15B052,MA2040
ME15B052,MS3520
ME15B052,ID5030
ME15B052,CH5350
ME15B053,ME5132
ME15B053,ME6280
ME15B053,ME5129
ME15B054,HS4300
ME15B054,ME6280
ME15B054,ME5132
ME15B054,MA2130
ME15B055,MS3520
ME15B055,AS5711
ME15B055,GN6101
ME15B055,ED5317
ME15B055,HS3031
ME15B055,ME6280
ME15B055,AM5650
ME15B056,ME6280
ME15B056,HS3031
ME15B056,ME5132
ME15B056,GN6101
ME15B057,ED3010
ME15B057,AS2040
ME15B057,ME5128
ME15B057,MS3610
ME15B058,MS4110
ME15B058,HS2030
ME15B058,ME6127
ME15B058,ME6280
ME15B058,GN6101
ME15B059,AM5630
ME15B060,ME5107
ME15B060,ID5030
ME15B061,MA2031
ME15B061,ME5132
ME15B061,HS4300
ME15B061,ME6280
ME15B062,HS4300
ME15B062,ID5030
ME15B062,ME5132
ME15B062,ME3126
ME15B063,MS3710
ME15B063,MS4100
ME15B063,AS5711
ME15B063,CH4960
ME15B063,ED5317
ME15B063,GN6107
ME15B064,HS4300
ME15B064,MS3520
ME15B064,ME3126
ME15B064,ME5132
ME15B065,NE6310
ME15B065,ME3126
ME15B065,ME5132
ME15B065,HS2050
ME15B066,ME5132
ME15B066,ME3126
ME15B066,ID5030
ME15B066,HS2050
ME15B067,HS3002C
ME15B067,ME3250
ME15B067,MS6010
ME15B067,NE6310
ME15B068,MS4110
ME15B068,ME5132
ME15B068,CH5350
ME15B068,MS6010
ME15B069,AS5545
ME15B069,ME5132
ME15B069,HS3420
ME15B069,AS5420
ME15B069,ME6225
ME15B069,ME6221
ME15B070,CS7015
ME15B070,MA5741
ME15B070,MS3610
ME15B070,ME3126
ME15B070,ME5132
ME15B070,HS3420
ME15B071,MA2040
ME15B071,AS5420
ME15B071,ME5129
ME15B071,ME3126
ME15B071,ME5109
ME15B072,ME5132
ME15B072,ME5109
ME15B072,ME3126
ME15B073,MA2130
ME15B073,AS5711
ME15B073,MA5350
ME15B073,MS3610
ME15B074,MS3510
ME15B074,MS3520
ME15B074,ME5132
ME15B074,HS2050
ME15B076,ME6060
ME15B076,MS4100
ME15B076,MS3610
ME15B076,GN6107
ME15B077,ME5132
ME15B077,CS2700A
ME15B077,MA5890
ME15B079,ME6221
ME15B079,ME5128
ME15B079,ME5303
ME15B079,OE5310
ME15B080,HS4001
ME15B080,ED5080
ME15B080,ME5128
ME15B080,ME6280
ME15B081,ME5128
ME15B081,ED5330
ME15B081,ED5080
ME15B081,HS3420A
ME15B082,HS4300
ME15B082,CH5020
ME15B082,MA2130
ME15B082,ID5030
ME15B083,ME5307
ME15B083,ME5303
ME15B083,ME5323
ME15B083,ME5305
ME15B084,ME6280
ME15B084,AM5530
ME15B086,ID5030
ME15B086,HS4300
ME15B087,CH5170
ME15B087,MA5014
ME15B087,CH5020
ME15B088,ME5307
ME15B088,ME5323
ME15B088,ME5305
ME15B088,ME5303
ME15B088,MA2130
ME15B088,HS3060
ME15B088,ED3010
ME15B089,ME5307
ME15B089,ME5323
ME15B089,ME5305
ME15B089,ME5303
ME15B089,MA2130
ME15B089,HS3060
ME15B090,ME5307
ME15B090,ME5323
ME15B090,ME5305
ME15B090,ME5303
ME15B090,HS3031
ME15B090,MA2130
ME15B090,ED3010
ME15B091,ME5323
ME15B091,ME5303
ME15B091,ME5305
ME15B091,ME5307
ME15B091,MA2010
ME15B091,HS3060
ME15B092,ED1090
ME15B092,ME5107
ME15B092,ME5109
ME15B092,ME3250
ME15B092,ME5103
ME15B093,ME5107
ME15B093,ME5109
ME15B093,GN6106
ME15B093,ME3250
ME15B093,MA2010
ME15B094,ME5307
ME15B094,ME5303
ME15B094,ME5305
ME15B094,ME5323
ME15B095,ID5030
ME15B095,CH5350
ME15B095,HS3420
ME15B096,ME5303
ME15B096,ME5307
ME15B096,ME5305
ME15B096,ME5323
ME15B096,HS2030
ME15B097,HS4350
ME15B097,ME5303
ME15B097,ME5305
ME15B097,ME5307
ME15B097,ME5323
ME15B097,ME7020
ME15B098,HS3031
ME15B098,AS5711
ME15B098,ME5323
ME15B098,ME7020
ME15B098,ME5307
ME15B099,ME5128
ME15B099,ME6221
ME15B099,AS5545
ME15B099,HS2030
ME15B100,ME5307
ME15B100,ME5323
ME15B100,ME5303
ME15B100,ME5305
ME15B100,BT3230
ME15B100,GN6107
ME15B101,ID6040
ME15B101,ED5160
ME15B102,ID5030
ME15B102,CH5350
ME15B102,HS3420
ME15B104,ED5080
ME15B104,ME5303
ME15B104,ME5204
ME15B104,HS4350
ME15B104,ME5128
ME15B105,ME6580
ME15B105,CE5900
ME15B105,CE5910
ME15B105,GN6107
ME15B106,ME5303
ME15B106,ED5160
ME15B106,ME5307
ME15B106,ME5305
ME15B106,ME5323
ME15B107,HS4001
ME15B107,ME5204
ME15B107,ME5128
ME15B107,ID5030
ME15B107,ME5201
ME15B108,ME5128
ME15B108,HS4001
ME15B108,ME5201
ME15B108,ME6221
ME15B109,ME5307
ME15B109,ME5323
ME15B109,ME5305
ME15B109,ME5303
ME15B109,HS4350
ME15B109,ME5204
ME15B110,ME5204
ME15B110,ME5128
ME15B110,ME6221
ME15B110,AS5545
ME15B110,GN6107
ME15B111,ME5107
ME15B111,ME5109
ME15B111,ME3250
ME15B111,GN6101
ME15B111,MA2010
ME15B111,ME3126
ME15B112,ID6040
ME15B112,ID5030
ME15B112,ME5128
ME15B112,ED5080
ME15B112,HS4350
ME15B112,AM5010
ME15B113,MA2040
ME15B113,ED2130
ME15B113,ME5107
ME15B113,HS4300
ME15B113,ME5109
ME15B113,AM6516
ME15B114,ME5204
ME15B114,ME5201
ME15B114,HS4001
ME15B114,ME6221
ME15B114,ME5128
ME15B115,ID6040
ME15B115,ID5030
ME15B115,ME5303
ME15B115,ME5128
ME15B115,ED5080
ME15B115,HS3007
ME15B116,ME5107
ME15B116,HS4300
ME15B116,ME5109
ME15B116,MA2010
ME15B116,ME3126
ME15B116,ID5030
ME15B117,ME5307
ME15B117,ME5303
ME15B117,ME5323
ME15B117,ME5305
ME15B118,ID6040
ME15B118,MS6010
ME15B118,ID5030
ME15B118,MS4100
ME15B118,ED5314
ME15B119,HS4001
ME15B119,ID6040
ME15B119,ID5030
ME15B119,ME5204
ME15B119,ME5303
ME15B120,ID6040
ME15B120,ID5030
ME15B120,HS3420A
ME15B120,ME6225
ME15B121,ME5323
ME15B121,ME5305
ME15B121,ME5307
ME15B121,ME5303
ME15B122,GN5001
ME15B122,ME5303
ME15B122,ME5305
ME15B122,ME5307
ME15B122,ME5323
ME15B122,HS3007
ME15B123,CS7015
ME15B123,CS6700
ME15B123,ID6040
ME15B123,ID6105
ME15B123,AM5010
ME15B124,ME5303
ME15B124,ME6221
ME15B124,HS4300
ME15B124,GN6106
ME15B125,ME5132
ME15B125,ME5204
ME15B125,AS5420
ME15B125,ID6040
ME15B125,ED5080
ME15B125,ID5030
ME15B126,ID6040
ME15B126,ME5128
ME15B126,ME5323
ME15B126,ED5080
ME15B126,HS4350
ME15B126,AM5010
ME15B127,ME5132
ME15B127,ME5109
ME15B127,ME5107
ME15B128,ME5107
ME15B128,ME5109
ME15B128,ME3250
ME15B128,MA2010
ME15B128,GN6101
ME15B129,ID6040
ME15B129,ED6001
ME15B129,CE5900
ME15B130,HS3420A
ME15B130,ME5132
ME15B130,AM5630
ME15B130,ID5030
ME15B130,ME5107
ME15B130,ME5109
ME15B131,ME5307
ME15B131,ME5303
ME15B131,ME5323
ME15B131,ME5305
ME15B131,MS4100
ME15B132,CS7011
ME15B132,BT3051
ME15B132,BT3072
ME15B133,ID6040
ME15B133,OE5310
ME15B133,ME7223
ME15B133,ME5303
ME15B133,AM5011
ME15B134,HS3420A
ME15B134,ME5128
ME15B134,GN6106
ME15B135,ME5307
ME15B135,ME5323
ME15B135,ME5303
ME15B135,ME5305
ME15B135,HS3007
ME15B136,ID6040
ME15B136,ID5030
ME15B136,HS4350
ME15B136,ME5128
ME15B136,ME5103
ME15B136,ME5303
ME15B137,ID6040
ME15B137,HS4300
ME15B137,ME5204
ME15B137,ME5303
ME15B137,ME6580
ME15B139,CS7011
ME15B139,HS4300
ME15B139,CH5350
ME15B139,MA2130
ME15B139,ID6040
ME15B140,ID6040
ME15B140,ME5303
ME15B141,MA2040
ME15B141,HS4300
ME15B141,ID5030
ME15B141,CH5350
ME15B143,HS4300
ME15B143,ME5204
ME15B143,ME6221
ME15B144,ID5030
ME15B144,ID6040
ME15B144,ME5303
ME15B144,HS4300
ME15B145,ME7223
ME15B145,ED1090
ME15B145,ED5080
ME15B145,ED5312
ME15B146,ED5312
ME15B147,CH5350
ME15B147,ID5030
ME15B147,HS4300
ME15B148,ED1091
ME15B148,ME5307
ME15B148,ME5303
ME15B148,ME5305
ME15B148,ME5323
ME15B149,CH5350
ME15B149,ID5030
ME15B149,HS3420A
ME15B150,ME5107
ME15B150,ME4550
ME15B150,MS3610
ME15B150,CH5350
ME15B150,MS4100
ME15B151,ID5030
ME15B151,ME5103
ME15B151,ME5107
ME15B151,GN6106
ME15B151,HS3060
ME15B152,HS1090
ME15B152,ME5303
ME15B152,ME5204
ME15B152,ED5053
ME15B152,HS4350
ME15B153,CH5350
ME15B153,ME7020
ME15B153,HS3420A
ME15B153,ME5103
ME15B154,CS2700A
ME15B154,GN6106
ME15B154,MS3520
ME15B154,ME7223
ME15B155,ME6280
ME15B155,ME5132
ME15B155,HS4005
ME15B156,ID5030
ME15B157,ME5132
ME15B157,ME5204
ME15B157,ME6280
ME15B157,ME5128
ME15B158,ID6040
ME15B158,HS2050
ME15B158,ME5132
ME15B158,ME6221
ME15B158,ED5314
ME15B159,MA5014
ME15B159,ID5030
ME15B159,ME3126
ME15B159,ME5201
ME15B160,AM5630
ME15B160,CS2700A
ME15B160,ME6280
ME15B161,CH5350
ME15B161,ID5030
ME15B161,HS4001
ME15B161,MA5350
ME15B162,ME5103
ME15B162,ME5303
ME15B162,ME5107
ME15B162,ME5129
ME15B162,ME5109
ME15B162,ED5312
ME15B162,ED5330
ME15B163,ID6040
ME15B163,HS4010
ME15B163,ME5323
ME15B163,AM5011
ME15B163,AM5010
ME15B164,ME5201
ME15B164,ID5030
ME15B164,CH5350
ME15B164,ED6001
ME15B165,ME5128
ME15B165,ME6280
ME15B165,HS4010
ME15B165,ME5303
ME15B166,CH5350
ME15B166,ID5030
ME15B166,ID6105
ME15B166,ME5201
ME15B167,ID5030
ME15B167,CH5350
ME15B167,ME5201
ME15B167,ME7223
ME16B001,MS3510
ME16B002,AM5510
ME16B003,AM5030
ME16B004,GN5001
ME16B005,AM5030
ME16B006,PE6030
ME16B008,PE6030
ME16B009,PE6030
ME16B010,GN6106
ME16B011,MS3510
ME16B012,ID5030
ME16B014,ID5030
ME16B017,MS3510
ME16B019,MS3510
ME16B021,ID5030
ME16B022,MM5160
ME16B023,MS3510
ME16B024,ID5030
ME16B025,BT3032
ME16B026,PE6030
ME16B027,AS3270
ME16B029,MS4110
ME16B030,ME6221
ME16B031,ME6221
ME16B034,MS3610
ME16B035,PE6030
ME16B036,MS3510
ME16B037,MS3510
ME16B039,ME6221
ME16B041,ID6040
ME16B042,GN6101
ME16B043,ID5030
ME16B044,MS3510
ME16B045,MS3510
ME16B046,ME6221
ME16B047,ME6221
ME16B048,AM5030
ME16B049,ID5030
ME16B050,MS3510
ME16B051,ID6010
ME16B052,MS3510
ME16B054,ME6221
ME16B055,PE6030
ME16B056,MS3510
ME16B057,ME5307
ME16B058,AM5030
ME16B059,ID5030
ME16B060,ID6040
ME16B061,ID6105
ME16B062,MS4110
ME16B063,MS3510
ME16B066,GN6101
ME16B067,CH5120
ME16B068,MS3510
ME16B068,IL4020
ME16B069,MS3510
ME16B070,MS3510
ME16B071,MS4110
ME16B073,HS2030
ME16B074,EE3004
ME16B075,ID5030
ME16B076,ID6010
ME16B077,ID5030
ME16B078,MS3510
ME16B101,MS4110
ME16B103,CH5120
ME16B104,MS3710
ME16B105,GN6101
ME16B106,GN6101
ME16B108,GN6101
ME16B110,GN6101
ME16B111,MS3610
ME16B112,ID5030
ME16B113,GN5001
ME16B114,MS3510
ME16B117,ID5030
ME16B118,GN6101
ME16B119,MS3610
ME16B120,ID6040
ME16B121,ME5323
ME16B122,GN6101
ME16B123,BT3051
ME16B124,CH5120
ME16B125,MS3510
ME16B126,EE3004
ME16B128,AM5390
ME16B129,EE2025
ME16B130,ID6040
ME16B131,GN6101
ME16B132,MS3510
ME16B133,MS3510
ME16B134,EE2025
ME16B135,ID5030
ME16B136,MS4110
ME16B137,ID6105
ME16B138,CE3030
ME16B139,MS3610
ME16B140,ME6221
ME16B141,MS3510
ME16B142,MS3610
ME16B143,MA5014
ME16B144,ME5323
ME16B145,MS3510
ME16B146,ID5030
ME16B147,MS3510
ME16B148,MS3510
ME16B149,MS3610
ME16B152,ME5323
ME16B153,MS3510
ME16B155,GN6101
ME16B156,BT6270
ME16B157,MS4110
ME16B158,MS3510
ME16B159,MS3510
ME16B160,ID5030
ME16B161,AS3270
ME16B162,MS3510
ME16B164,CH5170
ME16B165,ID6040
ME16B166,MS3510
ME16B167,MS3510
ME16B168,MS3510
ME16B169,MS3520
ME16B170,BT3051
ME16B171,ID6105
ME16B172,MS3510
ME16B173,MS3510
ME16B174,MS3510
ME16B175,MA5440
ME16B176,MS3510
ME16B177,MS3510
ME16B178,MS3510
ME16B179,ID5030
ME16B180,MS3510
ME17B003,HS5920
ME17B005,HS4002
ME17B009,ID5030
ME17B010,HS3002
ME17B033,HS3002C
ME17B045,MS3510
ME17B076,HS4571
ME17B077,HS3002
ME17B078,HS3002A
ME17B078,MS3510
ME17B082,HS3002
ME17B083,HS3002
ME17B084,HS3002A
ME17B085,HS3002A
ME17B102,HS5920
ME17B103,HS5920
ME17B110,HS5920
ME17B111,HS5920
ME17B122,HS4571
ME17B134,MS3510
ME17B153,HS4290
ME17B156,HS4002
ME17B165,HS3002
ME17B166,PH3500
ME17B167,PH3500
ME17B168,ID5030
ME17B169,MS3510
ME17B171,ED5314
ME17B173,ME3126
ME17B174,ME3126
ME17B175,HS4031
ME17B176,HS3002C
ME17B177,HS3002A
ME17B180,ID5030
ME17B181,HS3002
MM15B001,MM5024
MM15B001,MM4010
MM15B001,MM5104
MM15B001,HS4350
MM15B001,MS3610
MM15B001,MM3012
MM15B002,MM5013
MM15B002,HS3420
MM15B002,BT2012
MM15B002,GN6101
MM15B002,MM5520
MM15B004,ED5011
MM15B004,MM5700
MM15B004,MM5006
MM15B005,MM3012
MM15B005,MM4010
MM15B005,MS3610
MM15B006,PH2170
MM15B006,ED1031
MM15B007,GN6101
MM15B007,MM4010
MM15B007,MM3012
MM15B008,GN6106
MM15B008,MS3710
MM15B008,MM4010
MM15B008,MA5741
MM15B009,MM4010
MM15B009,HS4300
MM15B009,MM3012
MM15B009,MM5700
MM15B009,MS3610
MM15B009,GN6101
MM15B010,HS3420
MM15B010,MM3012
MM15B010,MM5006
MM15B010,MM5003
MM15B011,HS4350
MM15B011,MS3520
MM15B012,HS4300
MM15B012,MS3520
MM15B013,HS4010
MM15B013,MM4010
MM15B013,MM5024
MM15B013,MS3610
MM15B013,MS6010
MM15B014,MM5024
MM15B014,MM4010
MM15B014,MM5104
MM15B014,HS4350
MM15B014,MS3610
MM15B014,MM3012
MM15B015,HS3031
MM15B015,MM5024
MM15B015,MM5160
MM15B015,MA5890
MM15B016,HS4001
MM15B016,GN5001
MM15B016,MM3012
MM15B017,MM4010
MM15B017,BT3051
MM15B017,MA5741
MM15B017,GN6106
MM15B018,MA5540
MM15B018,MS3520
MM15B018,PH5840
MM15B018,HS4300
MM15B019,MM3012
MM15B019,MM5003
MM15B019,MS3710
MM15B020,ID6105
MM15B020,MA5890
MM15B021,ID6060
MM15B021,ID6105
MM15B021,MM5700
MM15B021,MM4010
MM15B022,MA5890
MM15B022,MM5520
MM15B023,MS3520
MM15B024,MM4010
MM15B024,HS3420A
MM15B024,MS3710
MM15B024,MM3012
MM15B025,GN5001
MM15B025,GN6101
MM15B025,MM4010
MM15B026,MM3012
MM15B026,CH5350
MM15B026,HS4300
MM15B026,MS3710
MM15B029,MS4110
MM15B029,MM3012
MM15B031,MS3520
MM15B031,HS4350
MM15B032,MA5400
MM15B032,MA5890
MM15B032,MA5330
MM15B032,MA5350
MM15B034,CH5130
MM15B034,HS4350
MM15B035,MM4010
MM15B035,HS4350
MM15B035,MS4120
MM15B035,MM3012
MM15B036,GN5001
MM15B036,MS3610
MM15B039,CH5170
MM15B039,MS3520
MM15B039,MM5003
MM15B039,MM4010
MM15B040,ED5011
MM15B040,PH5840
MM15B040,GN6106
MM15B041,MS3520
MM15B041,MM3012
MM15B043,PH5840
MM15B043,ED5011
MM15B043,GN6106
MM15B044,MS3510
MM15B044,MM5003
MM15B044,MM5006
MM15B044,MM5160
MM15B044,GN6101
MM15B046,HS2030
MM15B046,MS3520
MM15B046,MM5012
MM15B046,MM5028
MM15B047,MM4010
MM15B047,MM5003
MM15B047,MS3610
MM15B047,MM5023
MM15B048,MS3610
MM15B048,MM5104
MM16B001,HS2050
MM16B001,MM5104
MM16B002,HS1090
MM16B002,MS3510
MM16B004,HS5920
MM16B004,MM5040
MM16B004,MA2020
MM16B007,HS4300
MM16B007,MS3510
MM16B008,MM5003
MM16B008,MM5700
MM16B009,HS3002C
MM16B012,HS1090
MM16B012,MM3110
MM16B013,HS3002
MM16B014,HS1090
MM16B016,HS4210
MM16B016,MM3110
MM16B017,MM5003
MM16B017,MM5700
MM16B018,MS3510
MM16B018,MM5520
MM16B019,MM5003
MM16B019,MM5700
MM16B020,HS4300
MM16B020,MM3012
MM16B021,ID5030
MM16B021,HS3002C
MM16B022,MM3110
MM16B022,HS2030
MM16B023,MM5003
MM16B023,MM5520
MM16B024,HS2030
MM16B024,MM3110
MM16B025,HS3002C
MM16B026,HS1090
MM16B026,MS3510
MM16B027,HS4300
MM16B028,MM3110
MM16B029,HS1090
MM16B030,HS1090
MM16B030,MM3110
MM16B031,HS1090
MM16B031,HS2050
MM16B033,HS4300
MM16B034,HS2030
MM16B035,MM3110
MM16B035,MS3510
MM16B102,HS4002
MM16B103,HS1090
MM16B104,HS4002
MM16B105,MS3510
MM16B107,HS4300
MM16B108,HS3002
MM16B109,HS4002
MM16B111,HS4001
MM16B112,HS3002C
MM16B113,HS1090
MM17B001,HS3002
MM17B001,MA2020
MM17B002,HS5920
MM17B002,MA2020
MM17B003,MA2031
MM17B004,HS5920
MM17B004,MA2020
MM17B006,MA2031
MM17B006,HS3002A
MM17B007,MA2020
MM17B008,HS3002C
MM17B008,MA2020
MM17B009,HS1090
MM17B009,MA2020
MM17B010,MA2031
MM17B011,MA2040
MM17B011,HS3002C
MM17B011,MS3610
MM17B012,MA2020
MM17B012,HS3002C
MM17B013,HS3002
MM17B013,MS3610
MM17B013,MA2020
MM17B014,MA2020
MM17B014,HS3002C
MM17B015,HS3002C
MM17B015,MA2020
MM17B016,MA2020
MM17B016,HS5920
MM17B017,HS3002
MM17B017,MA2020
MM17B018,MA2020
MM17B019,HS3002A
MM17B019,MA2020
MM17B020,HS3002
MM17B020,MA2020
MM17B021,MA2040
MM17B021,MS3610
MM17B022,MA2020
MM17B022,MS3610
MM17B023,HS3002C
MM17B023,MA2020
MM17B023,EE3301
MM17B024,MA2130
MM17B024,HS3002A
MM17B025,MA2130
MM17B025,HS3002A
MM17B026,MA2020
MM17B026,HS3002A
MM17B026,MS3610
MM17B027,HS3002
MM17B027,MA2020
MM17B027,MS3610
MM17B028,HS3002A
MM17B028,MA2020
MM17B028,MS3610
MM17B029,MA2020
MM17B032,MA2031
MM17B032,HS4290
MM17B034,MA2020
MM17B034,HS3002A
MM17B035,MA2040
MM17B036,HS1090
MM17B036,MA2020
MM17B037,MA2020
MM17B101,MA2020
MM17B101,HS3002A
MM17B102,MA2130
MM17B102,HS4571
MM17B102,MS3610
MM17B103,MA2020
MM17B103,HS3002C
MM17B104,MA2020
MM17B104,HS3002A
MM17B104,EE3301
MM17B105,MA2020
MM17B105,HS3002C
MM17B106,HS3002
MM17B106,MA2020
MM17B108,MA2020
MM17B110,MA2020
MM17B111,MA2020
MM17B112,MA2020
MM17B112,HS3002A
MM17B113,MA2020
MM17B113,HS4571
NA15B001,HS4001
NA15B001,BT6270
NA15B001,MA5741
NA15B001,MA2010
NA15B001,CH5350
NA15B002,MA2010
NA15B002,OE5320
NA15B002,OE5310
NA15B002,HS4005
NA15B002,CH5350
NA15B003,HS4001
NA15B003,GN6107
NA15B003,MA2010
NA15B003,OE5310
NA15B003,AM5450
NA15B003,OE6006
NA15B004,GN5001
NA15B004,MA2010
NA15B004,OE5310
NA15B004,MS3610
NA15B005,OE5310
NA15B005,OE5012
NA15B006,OE6003
NA15B006,AM5450
NA15B006,PE6317
NA15B006,GN6101
NA15B006,OE5310
NA15B006,OE6006
NA15B007,MS3710
NA15B007,PE6050
NA15B007,PE6030
NA15B008,GN6101
NA15B008,MA2031
NA15B008,MS3610
NA15B010,MS3710
NA15B010,HS4350
NA15B011,MS3510
NA15B011,MS3520
NA15B011,PE6020
NA15B011,OE4050
NA15B012,MA6270
NA15B012,AM5450
NA15B012,MA5890
NA15B013,MS3710
NA15B013,MS6010
NA15B014,MS3510
NA15B014,MS3520
NA15B014,PE6050
NA15B014,OE5650
NA15B014,OE4050
NA15B016,OE4050
NA15B016,PE6050
NA15B016,PE6020
NA15B016,MS3710
NA15B017,MA2010
NA15B017,OE5310
NA15B017,OE5012
NA15B017,MS3610
NA15B017,EE3301
NA15B017,MA5890
NA15B018,MA2031
NA15B018,HS4001
NA15B018,PE6050
NA15B018,OE4050
NA15B019,MS3510
NA15B019,MS3610
NA15B019,OE5012
NA15B019,PE6050
NA15B019,PE6020
NA15B019,OE4050
NA15B020,GN5001
NA15B020,MS3710
NA15B020,OE5310
NA15B021,HS4031
NA15B021,OE5012
NA15B021,OE4050
NA15B021,AM5450
NA15B022,AS5420
NA15B022,OE5200
NA15B022,OE6006
NA15B022,OE6980
NA15B022,AM5640
NA15B023,MA2010
NA15B023,AM5450
NA15B023,HS4300
NA15B023,OE4050
NA15B023,MA5470
NA15B023,OE5310
NA15B024,AM5540
NA15B024,AM5650
NA15B024,AM5630
NA15B024,AM5810
NA15B025,GN6107
NA15B025,MS4100
NA15B025,OE5310
NA15B028,MA2031
NA15B028,PE6050
NA15B028,HS4001
NA15B028,MS3610
NA15B028,OE4050
NA15B029,MS3510
NA15B029,HS4300
NA15B029,MS3610
NA15B029,OE4050
NA15B029,MA2010
NA15B029,OE5310
NA15B030,GN5001
NA15B030,GN6106
NA15B030,PE6030
NA15B030,PE6050
NA15B031,HS3420
NA15B031,HS4031
NA15B031,PE6020
NA15B031,PE6050
NA15B031,GN6107
NA15B032,GN6106
NA15B032,HS4031
NA15B032,OE5012
NA15B032,AM5450
NA15B033,GN5001
NA15B033,HS4001
NA15B033,AM5630
NA15B033,OE5310
NA15B033,OE5200
NA15B034,ED1091
NA15B034,OE5310
NA15B034,OE5012
NA15B034,OE3190
NA15B036,HS4001
NA15B036,GN6101
NA15B036,OE5310
NA15B039,CH5170
NA15B039,PE6020
NA15B039,CH5020
NA15B039,OE5310
NA15B041,OE5012
NA15B041,OE5650
NA15B041,MS3610
NA15B041,CH5350
NA15B042,OE6990
NA15B042,OE5012
NA15B042,OE6980
NA15B042,OE5310
NA15B043,MS3510
NA15B043,MS3610
NA15B043,OE5650
NA15B043,OE5200
NA15B044,OE6980
NA15B044,HS2030
NA15B044,OE4050
NA15B044,OE6990
NA15B044,PE6020
NA15B045,OE5650
NA15B046,ID5030
NA15B046,MS3710
NA15B046,OE5012
NA15B047,ID5030
NA15B047,MS3610
NA15B047,OE5012
NA15B047,OE5650
NA15B048,OE6980
NA15B048,OE6990
NA15B048,OE4050
NA15B048,PE6020
NA15B049,OE6980
NA15B049,OE6990
NA16B003,OE3190
NA16B003,MS3510
NA16B004,GN5001
NA16B005,MS4110
NA16B005,BT3072
NA16B007,OE3190
NA16B007,ME3201
NA16B008,GN5001
NA16B009,MS3710
NA16B009,MS3510
NA16B010,MS3610
NA16B011,MS3610
NA16B011,CH5350
NA16B012,OE6990
NA16B012,GN5001
NA16B013,MS3510
NA16B014,MS4110
NA16B014,ME3126
NA16B015,OE6990
NA16B015,GN5001
NA16B016,MS3610
NA16B016,MS3510
NA16B017,MS3510
NA16B017,MS3710
NA16B018,BT3051
NA16B018,MS3510
NA16B019,EE3004
NA16B020,OE3190
NA16B020,OE6990
NA16B021,OE6990
NA16B022,MS3710
NA16B022,MS3510
NA16B023,MS3710
NA16B023,MS3510
NA16B024,OE3190
NA16B024,ME3201
NA16B025,OE3190
NA16B026,MS3510
NA16B026,CH5350
NA16B027,OE3190
NA16B028,OE3190
NA16B028,MS3510
NA16B029,MS3610
NA16B029,MS3510
NA16B030,CS6100
NA16B031,HS4571
NA16B031,OE3190
NA16B032,MS3510
NA16B032,MS3520
NA16B033,BT3051
NA16B034,MS3610
NA16B034,OE6990
NA16B036,OE3190
NA16B036,MS3510
NA16B037,HS3002
NA16B037,MS3610
NA16B038,HS3002
NA16B038,MS3710
NA16B039,MS3510
NA16B039,MS3610
NA16B101,MS3710
NA16B101,GN5001
NA16B102,HS3002A
NA16B102,MS4110
NA16B103,OE3190
NA16B104,HS4002
NA16B104,MS3710
NA16B106,OE3190
NA16B106,MS3510
NA16B107,MS3510
NA16B108,GN6101
NA16B109,OE6990
NA16B110,CH5350
NA16B110,MS4110
NA16B111,OE6990
NA16B111,GN5001
NA16B112,MS4110
NA16B113,BT3051
NA16B113,MS3510
NA16B115,MS3610
NA16B116,BT3051
NA16B116,MS3510
NA16B117,OE3190
NA16B117,MS3510
NA16B118,MS3610
NA16B118,MS3510
NA16B119,HS3002
NA16B119,MS3710
NA17B002,MA2020
NA17B003,HS3002
NA17B003,MA2020
NA17B004,MA2020
NA17B004,HS4002
NA17B005,MA2020
NA17B005,HS5920
NA17B006,MA2020
NA17B007,MA2020
NA17B007,HS3002A
NA17B008,MA2020
NA17B008,HS4031
NA17B009,MA2020
NA17B009,HS3002A
NA17B010,MA2020
NA17B011,HS3002
NA17B011,MA2020
NA17B012,MA2020
NA17B013,MA2020
NA17B013,HS5920
NA17B014,HS1110
NA17B014,MA2020
NA17B015,MA2020
NA17B016,MA2130
NA17B016,HS4031
NA17B017,HS4031
NA17B017,MA2020
NA17B019,MA2020
NA17B019,HS4290
NA17B020,HS1090
NA17B020,MA2020
NA17B022,MA2020
NA17B022,HS3002A
NA17B024,MA2040
NA17B024,HS4031
NA17B025,HS5920
NA17B025,MA2020
NA17B026,MA2130
NA17B026,MA5310
NA17B027,MA2020
NA17B028,HS4002
NA17B028,MA2020
NA17B029,HS3002C
NA17B029,MA2020
NA17B029,HS4350
NA17B030,MA2020
NA17B030,HS4290
NA17B031,MA2040
NA17B032,HS1090
NA17B032,MA2020
NA17B033,MA2020
NA17B033,HS3002A
NA17B034,HS3002
NA17B034,MA2020
NA17B035,MA2020
NA17B035,HS4571
NA17B036,MA2020
NA17B036,HS4571
NA17B101,MA2020
NA17B103,MA2020
NA17B103,HS4002
NA17B104,MA2020
NA17B104,HS3002A
NA17B105,MA2020
NA17B105,HS4031
NA17B106,HS4290
NA17B106,MA2020
NA17B107,HS3002
NA17B107,MA2020
NA17B108,MA2020
NA17B108,HS5920
NA17B109,MA2020
NA17B110,HS3002
NA17B110,MA2020
NA17B111,MA2020
NA17B112,MA2020
NA17B112,HS3002A
NA17B114,MA2020
NA17B114,HS4571
NA17B115,MA2020
NA17B115,HS3002A
NA17B116,HS1110
NA17B116,MA2020
NA17B117,MA2020
PH15B001,PH5210
PH15B001,PH5211
PH15B001,PH5840
PH15B001,MA5450
PH15B005,PH5210
PH15B005,PH5211
PH15B005,PH5840
PH15B006,PH5211
PH15B006,PH5210
PH15B007,PH5460
PH15B007,PH5840
PH15B007,PH5211
PH15B007,PH5210
PH15B008,PH5211
PH15B008,PH5210
PH15B008,PH5840
PH15B009,PH5211
PH15B009,PH5210
PH15B009,PH5840
PH15B009,ID6103
PH16B001,EP2100
PH16B003,MS4110
PH16B004,EP2100
PH16B004,PH5840
PH16B006,PH5460
PH16B007,PH5460
PH16B008,EP2100
PH16B009,BT2012
PH16B011,MS3520
PH17B001,MA2020
PH17B001,HS4031
PH17B002,MA2010
PH17B002,HS4571
PH17B004,MA2020
PH17B006,MA2040
PH17B007,MA2031
PH17B007,HS4031
PH17B008,MA2010
PH17B009,MA2010
PH17B010,HS4031
PH17B010,MA2020
PH17B011,MA2020
