Course ID, Total Capacity, Allotted Capacity, Students Allotted
AM1100$inside,0,0
AM1100$outside,0,0
AM2200$inside,0,0
AM2200$outside,0,0
AM2530$inside,0,0
AM2530$outside,0,0
AM2540$inside,0,0
AM2540$outside,0,0
AM5010$inside,0,0
AM5010$outside,20,6,BE15B009,CS17B044,ME15B112,ME15B123,ME15B126,ME15B163
AM5011$inside,0,0
AM5011$outside,20,4,AE15B050,ED15B020,ME15B133,ME15B163
AM5014$inside,0,0
AM5014$outside,20,1,ED15B022
AM5016$inside,0,0
AM5016$outside,20,2,ED15B012,ED15B019
AM5021$inside,0,0
AM5021$outside,20,0
AM5024$inside,0,0
AM5024$outside,20,1,BS15B011
AM5030$inside,0,0
AM5030$outside,20,4,ME16B003,ME16B005,ME16B048,ME16B058
AM5050$inside,0,0
AM5050$outside,20,6,AE15B003,BE15B009,BS15B028,ED15B041,ED15B042,ED15B047
AM5119$inside,0,0
AM5119$outside,20,1,EE16B130
AM5390$inside,0,0
AM5390$outside,20,1,ME16B128
AM5450$inside,0,0
AM5450$outside,20,11,AE16B009,CE16B020,CE16B049,ED16B051,ME15B036,NA15B003,NA15B006,NA15B012,NA15B021,NA15B023,NA15B032
AM5510$inside,0,0
AM5510$outside,20,2,ED16B008,ME16B002
AM5530$inside,0,0
AM5530$outside,15,1,ME15B084
AM5540$inside,0,0
AM5540$outside,20,1,NA15B024
AM5600$inside,0,0
AM5600$outside,25,0
AM5630$inside,0,0
AM5630$outside,25,10,BS15B005,CH15B014,CH15B016,CH15B094,ME15B027,ME15B059,ME15B130,ME15B160,NA15B024,NA15B033
AM5640$inside,0,0
AM5640$outside,20,2,AE15B037,NA15B022
AM5650$inside,0,0
AM5650$outside,20,5,AE15B019,AE15B030,AE15B036,ME15B055,NA15B024
AM5801$inside,0,0
AM5801$outside,25,0
AM5810$inside,0,0
AM5810$outside,25,1,NA15B024
AM6516$inside,0,0
AM6516$outside,20,13,AE15B046,BE15B009,BE15B022,BS15B028,CS16B031,ED15B001,ED15B019,ED15B020,ED15B031,ED16B017,ED16B031,ED16B032,ME15B113
AS1020*$inside,0,0
AS1020*$outside,4,0
AS1020$inside,0,0
AS1020$outside,4,0
AS2010$inside,0,0
AS2010$outside,4,1,CE15B092
AS2010*$inside,0,0
AS2010*$outside,4,0
AS2040*$inside,0,0
AS2040*$outside,4,0
AS2040$inside,0,0
AS2040$outside,4,1,ME15B057
AS2100$inside,0,0
AS2100$outside,0,0
AS2101$inside,0,0
AS2101$outside,0,0
AS2520$inside,0,0
AS2520$outside,0,0
AS3020$inside,0,0
AS3020$outside,4,0
AS3020*$inside,0,0
AS3020*$outside,4,0
AS3270$inside,0,0
AS3270$outside,8,2,ME16B027,ME16B161
AS4600$inside,60,9,AE15B002,AE15B003,AE15B006,AE15B007,AE15B008,AE15B009,AE15B019,AE15B029,AE15B038
AS4600$outside,0,0
AS5100$inside,60,2,AE15B019,AE15B044
AS5100$outside,0,0
AS5320$inside,72,3,AE15B019,AE15B031,AE15B059
AS5320$outside,8,1,ED15B022
AS5370$inside,80,3,AE15B009,AE16B007,AE16B024
AS5370$outside,0,0
AS5420$inside,72,23,AE15B008,AE15B011,AE15B012,AE15B014,AE15B020,AE15B059,AE16B001,AE16B006,AE16B010,AE16B020,AE16B025,AE16B030,AE16B034,AE16B035,AE16B038,AE16B039,AE16B041,AE16B043,AE16B044,AE16B046,AE16B102,AE16B107,AE16B114
AS5420$outside,8,8,ME15B003,ME15B034,ME15B036,ME15B051,ME15B069,ME15B071,ME15B125,NA15B022
AS5470$inside,72,6,AE15B010,AE15B033,AE15B036,AE15B059,AE16B021,AE16B039
AS5470$outside,8,0
AS5545$inside,72,5,AE15B010,AE15B022,AE15B023,AE15B026,AE15B036
AS5545$outside,8,4,ME15B046,ME15B069,ME15B099,ME15B110
AS5550$inside,72,8,AE15B031,AE15B043,AE15B044,AE16B017,AE16B029,AE16B031,AE16B110,AE16B114
AS5550$outside,8,0
AS5570$inside,72,18,AE15B008,AE15B010,AE15B025,AE15B031,AE15B033,AE15B040,AE15B043,AE15B044,AE15B053,AE16B005,AE16B011,AE16B013,AE16B017,AE16B026,AE16B029,AE16B031,AE16B040,AE16B113
AS5570$outside,8,5,ED15B011,ED15B056,ED16B003,ED16B020,ME15B029
AS5610$inside,72,8,AE15B013,AE15B018,AE15B019,AE15B046,AE15B050,AE16B004,AE16B045,AE17B022
AS5610$outside,8,1,ME15B046
AS5711$inside,72,27,AE15B001,AE15B005,AE15B006,AE15B010,AE15B011,AE15B012,AE15B013,AE15B015,AE15B016,AE15B018,AE15B020,AE15B021,AE15B029,AE15B032,AE15B033,AE15B038,AE15B042,AE15B043,AE15B044,AE15B045,AE15B050,AE15B055,AE16B022,AE16B028,AE16B036,AE16B106,AE16B109
AS5711$outside,8,8,ED15B011,EE15B034,EE15B049,EE15B050,ME15B055,ME15B063,ME15B073,ME15B098
AS5880$inside,72,1,AE15B030
AS5880$outside,8,0
AS5925$inside,72,3,AE15B011,AE15B025,AE15B053
AS5925$outside,8,0
AS6020$inside,72,5,AE15B011,AE15B014,AE15B020,AE15B023,AE16B019
AS6020$outside,8,0
AS6420$inside,72,0
AS6420$outside,8,0
BT1000$inside,0,0
BT1000$outside,0,0
BT1010$inside,0,0
BT1010$outside,0,0
BT1022$inside,30,0
BT1022$outside,10,10,BE15B021,BE16B026,CS15B003,CS15B022,EE15B022,EE15B031,EE15B045,EE15B046,EE15B060,ME15B039
BT2010$inside,0,0
BT2010$outside,10,5,CS15B028,CS15B029,CS15B035,CS15B040,CS17B020
BT2012$inside,30,0
BT2012$outside,20,14,BE15B006,BE15B007,BE15B013,BE17B006,BE17B007,BE17B009,BE17B011,BE17B026,BE17B032,BE17B036,BE17B038,CS15B015,MM15B002,PH16B009
BT2030$inside,0,0
BT2030$outside,10,0
BT2062$inside,30,0
BT2062$outside,10,6,BE15B007,BE15B008,BE15B014,BE15B017,BE15B030,CH15B051
BT2111$inside,0,0
BT2111$outside,0,0
BT2112$inside,0,0
BT2112$outside,0,0
BT2121$inside,0,0
BT2121$outside,0,0
BT3012$inside,0,0
BT3012$outside,10,0
BT3032$inside,30,0
BT3032$outside,30,25,BE15B014,BE16B001,BE16B002,BE16B006,BE16B007,BE16B014,BE16B015,BE16B016,BE16B017,BE16B023,BE16B034,BE16B035,BE16B036,BS16B001,BS16B005,BS16B007,BS16B014,BS16B016,BS16B018,BS16B031,BS16B032,CH15B027,EE15B004,EE15B089,ME16B025
BT3051$inside,60,0
BT3051$outside,20,20,AE17B028,BE16B001,BE16B011,BE16B014,BE16B015,BE16B017,BE16B029,BE16B035,BE16B036,BS16B014,BS16B031,CH16B004,CH16B058,CH16B059,EE15B019,EE15B075,EE16B142,ME16B123,ME16B170,NA16B116
BT3072$inside,30,0
BT3072$outside,20,10,AE15B046,BE15B018,BE16B008,BE16B021,BE16B026,BE16B034,BE16B036,CS15B040,ME15B132,NA16B005
BT3110$inside,0,0
BT3110$outside,0,0
BT3121$inside,40,0
BT3121$outside,0,0
BT3230$inside,40,0
BT3230$outside,40,23,BE15B009,BE15B030,BE15B031,BE16B021,BS15B002,BS15B017,BS15B018,BS15B024,BS15B025,BS16B003,BS16B006,BS16B008,BS16B013,BS16B017,BS16B019,BS16B023,BS16B024,BS16B026,BS16B028,BS16B029,ME15B028,ME15B042,ME15B100
BT4110$inside,20,0
BT4110$outside,0,0
BT5011$inside,40,0
BT5011$outside,20,11,BE15B005,BE15B006,BE15B009,BE15B011,BE15B026,BE15B030,BE15B031,BS15B014,BS15B017,BS15B024,BS15B025
BT5012$inside,40,0
BT5012$outside,20,19,BE15B005,BE15B013,BE15B014,BE15B017,BE15B019,BE15B025,BE15B026,BE15B028,BE15B030,BS15B002,BS15B003,BS15B007,BS15B010,BS15B011,BS15B018,BS15B024,BS15B025,BS16B005,BS16B007
BT5031$inside,20,0
BT5031$outside,20,0
BT5051$inside,40,0
BT5051$outside,20,3,BE15B006,BE15B031,BS15B011
BT5071$inside,30,0
BT5071$outside,20,7,BE15B031,BE16B001,BE16B003,BE16B015,BE16B023,BS15B012,ED15B055
BT5130$inside,15,0
BT5130$outside,15,5,BE15B009,BE15B018,BE15B019,BE15B032,BS15B028
BT5170$inside,30,0
BT5170$outside,10,2,BE15B014,BS15B018
BT5230$inside,30,0
BT5230$outside,20,2,BE15B005,BE15B029
BT5370$inside,40,0
BT5370$outside,20,2,BE15B018,BE16B003
BT5420$inside,30,0
BT5420$outside,20,1,BE15B005
BT6230$inside,30,0
BT6230$outside,20,6,BE15B014,BE15B018,BS15B014,BS15B018,BS15B020,BS15B028
BT6270$inside,40,0
BT6270$outside,40,40,AE15B046,BE15B007,BE15B012,BE15B017,BE15B019,BE15B022,BE15B023,BE15B029,BE15B032,BS15B006,BS15B012,BS15B017,BS15B022,BS15B024,BS16B030,CS15B001,CS15B010,CS15B034,CS15B041,CS15B058,CS17B115,ED15B024,EE15B025,EE15B056,EE15B088,EE15B099,EE15B125,EE15B132,EE16B050,EE16B064,EE16B065,EE16B069,EE16B073,EE16B124,EE17B104,EE17B131,EE17B139,EP15B006,ME16B156,NA15B001
BT6320$inside,30,0
BT6320$outside,20,10,BE15B005,BE15B013,BE15B015,BE15B017,BE15B019,BE15B021,BE15B028,BE15B032,BS15B022,BS15B025
BT6540$inside,40,0
BT6540$outside,0,0
CA6120$inside,10,3,CH15B031,CH15B074,CH15B078
CA6120$outside,10,0
CE1010$inside,0,0
CE1010$outside,10,3,AE15B031,ME15B013,ME15B016
CE2040$inside,0,0
CE2040$outside,10,0
CE2080$inside,10,0
CE2080$outside,10,2,BS15B003,BS15B027
CE2310$inside,0,0
CE2310$outside,10,3,CS15B024,CS15B044,CS15B047
CE3010$inside,20,0
CE3010$outside,10,0
CE3030$inside,0,0
CE3030$outside,10,1,ME16B138
CE3060$inside,0,0
CE3060$outside,10,0
CE3280$inside,60,0
CE3280$outside,0,0
CE3310$inside,50,22,CE15B044,CE15B050,CE15B099,CE16B010,CE16B011,CE16B012,CE16B015,CE16B017,CE16B018,CE16B025,CE16B026,CE16B033,CE16B039,CE16B045,CE16B047,CE16B050,CE16B052,CE16B058,CE16B062,CE16B064,CE16B117,CE16B136
CE3310$outside,10,0
CE3320$inside,50,6,CE15B005,CE15B007,CE15B008,CE15B034,CE15B055,CE15B099
CE3320$outside,10,0
CE3350$inside,0,0
CE3350$outside,10,0
CE3410$inside,10,2,CE15B038,CE15B058
CE3410$outside,10,0
CE4030$inside,0,0
CE4030$outside,10,0
CE4670$inside,50,28,CE15B001,CE15B002,CE15B011,CE15B012,CE15B019,CE15B023,CE15B030,CE15B031,CE15B033,CE15B043,CE15B044,CE15B046,CE15B050,CE15B051,CE15B054,CE15B056,CE15B057,CE15B058,CE15B059,CE15B063,CE15B069,CE15B073,CE15B086,CE15B092,CE15B093,CE15B095,CE15B101,CE16B121
CE4670$outside,10,1,ED15B016
CE4720$inside,50,8,CE15B018,CE15B019,CE15B029,CE15B037,CE15B042,CE15B059,CE15B070,CE15B079
CE4720$outside,10,0
CE4810$inside,50,13,CE15B001,CE15B002,CE15B019,CE15B023,CE15B043,CE15B046,CE15B050,CE15B054,CE15B056,CE15B057,CE15B059,CE15B063,CE15B082
CE4810$outside,10,0
CE4901$inside,50,3,CE15B053,CE15B086,CE15B100
CE4901$outside,10,0
CE5010$inside,20,11,CE15B005,CE15B007,CE15B008,CE15B010,CE15B023,CE15B034,CE15B043,CE15B046,CE15B050,CE15B056,CE15B057
CE5010$outside,10,0
CE5012$inside,50,1,CE15B088
CE5012$outside,10,0
CE5020$inside,60,18,CE15B001,CE15B002,CE15B003,CE15B007,CE15B012,CE15B013,CE15B023,CE15B024,CE15B043,CE15B046,CE15B054,CE15B056,CE15B057,CE15B063,CE15B073,CE15B074,CE15B102,CE15B103
CE5020$outside,0,0
CE5060$inside,50,3,CE15B086,CE15B092,CE15B093
CE5060$outside,10,0
CE5070$inside,15,1,CE15B047
CE5070$outside,0,0
CE5110$inside,20,3,CE15B007,CE15B009,CE15B010
CE5110$outside,10,0
CE5120$inside,10,4,CE15B012,CE15B026,CE15B027,CE15B060
CE5120$outside,5,0
CE5130$inside,40,0
CE5130$outside,0,0
CE5150$inside,50,1,CE15B064
CE5150$outside,10,0
CE5190$inside,50,0
CE5190$outside,10,1,ED16B008
CE5310$inside,50,1,CE15B105
CE5310$outside,10,0
CE5320$inside,50,1,CE15B105
CE5320$outside,10,0
CE5330$inside,50,0
CE5330$outside,10,0
CE5331$inside,50,4,CE15B005,CE15B010,CE15B030,CE15B099
CE5331$outside,10,0
CE5450$inside,50,0
CE5450$outside,10,0
CE5460$inside,50,3,CE15B079,CE15B088,CE15B104
CE5460$outside,10,0
CE5470$inside,50,3,CE15B040,CE15B071,CE15B104
CE5470$outside,10,0
CE5530$inside,50,3,CE15B008,CE15B034,CE15B077
CE5530$outside,10,0
CE5620$inside,50,15,CE15B011,CE15B027,CE15B033,CE15B040,CE15B044,CE15B051,CE15B053,CE15B055,CE15B060,CE15B078,CE15B084,CE15B085,CE15B088,CE15B096,CE15B099
CE5620$outside,10,0
CE5630$inside,50,1,CE15B078
CE5630$outside,10,0
CE5650$inside,50,6,CE15B004,CE15B007,CE15B078,CE15B089,CE15B093,CE16B039
CE5650$outside,10,0
CE5710$inside,50,7,CE15B011,CE15B030,CE15B031,CE15B033,CE15B086,CE15B093,CE15B095
CE5710$outside,10,0
CE5720$inside,50,9,CE15B011,CE15B031,CE15B033,CE15B044,CE15B055,CE15B084,CE15B086,CE15B092,CE15B093
CE5720$outside,10,0
CE5740$inside,50,1,CE15B068
CE5740$outside,10,0
CE5810$inside,50,8,CE15B024,CE15B048,CE15B065,CE15B077,CE15B089,CE15B091,CE15B103,CE16B110
CE5810$outside,10,0
CE5830$inside,50,2,CE15B077,CE15B091
CE5830$outside,10,0
CE5831$inside,50,4,CE15B065,CE15B077,CE15B089,CE15B091
CE5831$outside,10,0
CE5870$inside,20,20,CE15B003,CE15B013,CE15B015,CE15B017,CE15B018,CE15B022,CE15B028,CE15B041,CE15B047,CE15B048,CE15B049,CE15B064,CE15B070,CE15B074,CE15B075,CE15B082,CE15B084,CE15B087,CE15B102,CE15B103
CE5870$outside,5,5,CE15B027,CE15B029,CE15B060,CE15B096,ED15B042
CE5900$inside,50,7,CE15B015,CE15B030,CE15B035,CE15B052,CE15B072,CE15B089,CE15B091
CE5900$outside,10,3,EE15B079,ME15B105,ME15B129
CE5910$inside,50,3,CE15B003,CE15B064,CE15B091
CE5910$outside,10,1,ME15B105
CE5950$inside,10,9,CE15B008,CE15B027,CE15B053,CE15B060,CE15B067,CE15B075,CE15B096,CE15B101,CE15B102
CE5950$outside,5,0
CE6010$inside,10,3,CE15B009,CE15B087,CE15B103
CE6010$outside,0,0
CE6015$inside,50,0
CE6015$outside,10,0
CE6050$inside,10,1,CE15B006
CE6050$outside,0,0
CE6330$inside,50,1,CE15B034
CE6330$outside,10,0
CE6670$inside,0,0
CE6670$outside,10,3,CE15B030,CE15B031,CE15B078
CE6750$inside,10,6,CE15B012,CE15B066,CE15B103,CE16B036,CE16B131,CE17B032
CE6750$outside,5,0
CE6780$inside,0,0
CE6780$outside,10,3,CE15B005,CE15B026,CE15B051
CH2010$inside,95,0
CH2010$outside,5,0
CH2012$inside,5,0
CH2012$outside,5,0
CH2013$inside,180,0
CH2013$outside,10,0
CH2061$inside,5,0
CH2061$outside,5,5,CS15B028,CS17B002,CS17B016,CS17B036,EE15B029
CH3010$inside,5,0
CH3010$outside,5,0
CH3030$inside,5,0
CH3030$outside,5,0
CH3150$inside,5,5,CH16B017,CH16B041,CH16B070,CH16B104,CH16B105
CH3150$outside,5,5,CH16B002,CH16B049,CH16B051,CH16B053,ED15B037
CH3170$inside,10,7,CH15B005,CH15B087,CH16B030,CH16B040,CH16B044,CH16B102,CH16B117
CH3170$outside,5,0
CH3510$inside,0,0
CH3510$outside,0,0
CH3520$inside,0,0
CH3520$outside,0,0
CH4010$inside,95,0
CH4010$outside,5,0
CH4030slotR$inside,100,0
CH4030slotR$outside,0,0
CH4030slotS$inside,100,0
CH4030slotS$outside,0,0
CH4050slotP$inside,100,0
CH4050slotP$outside,0,0
CH4050slotQ$inside,100,0
CH4050slotQ$outside,0,0
CH4530$inside,100,33,CH15B001,CH15B003,CH15B007,CH15B009,CH15B012,CH15B013,CH15B017,CH15B018,CH15B019,CH15B021,CH15B024,CH15B025,CH15B027,CH15B031,CH15B037,CH15B039,CH15B042,CH15B043,CH15B044,CH15B047,CH15B048,CH15B049,CH15B052,CH15B054,CH15B055,CH15B057,CH15B058,CH15B060,CH15B063,CH15B065,CH15B069,CH15B070,CH15B093
CH4530$outside,0,0
CH4960$inside,20,7,CH15B003,CH15B009,CH15B037,CH15B041,CH15B062,CH15B081,CH15B083
CH4960$outside,20,1,ME15B063
CH5011$inside,15,11,CH15B017,CH15B021,CH15B031,CH15B047,CH15B075,CH15B077,CH15B084,CH16B004,CH16B029,CH16B047,CH16B113
CH5011$outside,30,0
CH5014$inside,10,10,CH15B005,CH16B001,CH16B007,CH16B057,CH16B064,CH16B103,CH16B106,CH16B109,CH16B115,CH16B119
CH5014$outside,10,0
CH5016$inside,5,0
CH5016$outside,5,3,BE15B005,BE15B013,BE15B028
CH5020$inside,5,5,CH16B023,CH16B037,CH16B043,CH16B056,CH16B101
CH5020$outside,5,5,CE15B035,ME15B047,ME15B082,ME15B087,NA15B039
CH5025$inside,5,3,CH15B070,CH15B079,CH15B093
CH5025$outside,5,0
CH5080$inside,5,0
CH5080$outside,5,0
CH5120$inside,5,5,CH15B019,CH15B029,CH15B052,CH15B065,CH16B047
CH5120$outside,5,5,AE15B026,BE15B028,ME16B067,ME16B103,ME16B124
CH5130$inside,10,8,CH15B063,CH15B074,CH16B001,CH16B009,CH16B063,CH16B064,CH16B112,CH16B119
CH5130$outside,20,1,MM15B034
CH5170$inside,10,10,CH15B010,CH15B028,CH15B030,CH15B052,CH16B009,CH16B015,CH16B024,CH16B047,CH16B061,CH16B066
CH5170$outside,10,10,AE15B056,CE15B035,EP15B005,EP15B028,EP15B031,ME15B047,ME15B087,ME16B164,MM15B039,NA15B039
CH5190$inside,5,3,CH15B017,CH15B039,CH15B047
CH5190$outside,5,0
CH5240$inside,20,20,CH15B036,CH15B040,CH15B049,CH15B051,CH15B076,CH15B077,CH16B010,CH16B012,CH16B020,CH16B031,CH16B033,CH16B035,CH16B042,CH16B052,CH16B060,CH16B065,CH16B068,CH16B109,CH16B115,CH16B116
CH5240$outside,20,16,CH15B002,CH15B016,CH15B024,CH15B026,CH15B050,CH15B075,CH15B084,CH15B094,CH16B007,CH16B013,CH16B014,CH16B027,CH16B048,CH16B101,CH16B104,CH16B110
CH5350$inside,40,12,CH15B010,CH15B011,CH15B033,CH15B042,CH15B053,CH15B087,CH15B097,CH16B028,CH16B038,CH16B045,CH16B062,CH16B114
CH5350$outside,150,71,AE15B035,AE15B039,AE15B040,AE15B056,BE15B004,BE15B023,CE15B021,CE15B026,CE15B049,CE15B052,CE15B079,ED15B021,ED15B026,ED15B043,ED15B052,ED16B032,ED16B056,EE15B004,EE15B017,EE15B020,EE15B037,EE15B062,EE15B068,EE15B069,EE15B077,EE15B079,EE15B082,EE15B083,EE15B086,EE15B087,EE15B088,EE15B092,EE15B095,EE15B096,EE15B099,EE15B101,EE15B104,EE15B105,EE15B107,EE15B114,EE15B116,EE15B117,EE15B132,EE15B133,EP15B016,EP15B028,ME15B002,ME15B007,ME15B029,ME15B052,ME15B068,ME15B095,ME15B102,ME15B139,ME15B141,ME15B147,ME15B149,ME15B150,ME15B153,ME15B161,ME15B164,ME15B166,ME15B167,MM15B026,NA15B001,NA15B002,NA15B041,NA16B011,NA16B026,NA16B033,NA16B110
CH5370$inside,20,2,CH15B034,CH16B050
CH5370$outside,5,0
CH6060$inside,10,0
CH6060$outside,10,0
CH6760$inside,10,1,CH15B021
CH6760$outside,0,0
CS1100$inside,0,0
CS1100$outside,0,0
CS2300$inside,0,0
CS2300$outside,0,0
CS2310$inside,0,0
CS2310$outside,0,0
CS2700$inside,0,0
CS2700$outside,0,0
CS2710$inside,0,0
CS2710$outside,0,0
CS3100$inside,0,0
CS3100$outside,10,1,EE15B125
CS3300$inside,0,0
CS3300$outside,10,0
CS3500$inside,0,0
CS3500$outside,10,3,EE15B070,EE15B094,EP15B027
CS3700$inside,60,35,CS15B001,CS15B002,CS15B003,CS15B005,CS15B014,CS15B015,CS15B018,CS15B019,CS15B022,CS15B024,CS15B032,CS15B035,CS15B037,CS15B038,CS15B039,CS15B041,CS16B002,CS16B003,CS16B005,CS16B013,CS16B015,CS16B018,CS16B019,CS16B020,CS16B024,CS16B028,CS16B029,CS16B031,CS16B034,CS16B035,CS16B036,CS16B039,CS16B103,CS16B109,CS16B114
CS3700$outside,6,6,AE15B051,EE15B001,EE15B014,EE15B041,EE15B046,EP15B028
CS4900$inside,60,5,CS15B001,CS15B030,CS15B053,CS15B058,CS15B059
CS4900$outside,0,0
CS4910$inside,30,5,CS15B015,CS15B034,CS15B039,CS15B052,CS15B061
CS4910$outside,0,0
CS5020$inside,20,8,CS15B008,CS15B009,CS15B015,CS15B022,CS15B023,CS15B028,CS15B060,CS16B109
CS5020$outside,10,10,CH15B038,ED15B006,ED15B013,ED15B021,ED15B027,ED15B035,ED15B036,ED15B052,EE16B061,EE16B120
CS5691$inside,30,30,CS15B003,CS15B007,CS15B008,CS15B016,CS15B020,CS15B037,CS15B042,CS15B047,CS15B050,CS15B059,CS16B006,CS16B007,CS16B016,CS16B021,CS16B022,CS16B032,CS16B033,CS16B038,CS16B043,CS16B044,CS16B045,CS16B046,CS16B047,CS16B106,CS16B107,CS16B108,CS16B110,CS16B111,CS16B113,CS16B115
CS5691$outside,0,0
CS6014$inside,40,11,CS15B016,CS15B023,CS15B034,CS16B001,CS16B011,CS16B012,CS16B017,CS16B030,CS16B102,CS16B105,CS16B112
CS6014$outside,10,0
CS6023$inside,40,24,CS15B004,CS15B006,CS15B009,CS15B011,CS15B012,CS15B013,CS15B014,CS15B018,CS15B025,CS15B027,CS15B028,CS15B029,CS15B030,CS15B032,CS15B033,CS15B038,CS15B040,CS15B044,CS15B048,CS15B052,CS15B056,CS16B024,CS16B030,CS16B102
CS6023$outside,20,11,AE15B051,BE15B004,CE15B100,EE15B016,EE15B056,EE15B094,EE15B097,EE16B060,EE16B105,EE16B107,EE16B109
CS6024$inside,40,6,CS15B014,CS15B015,CS15B031,CS15B042,CS15B049,CS15B054
CS6024$outside,40,0
CS6100$inside,30,20,CS15B003,CS15B006,CS15B008,CS15B011,CS15B018,CS15B020,CS15B031,CS15B037,CS15B043,CS15B046,CS15B060,CS15B061,CS16B004,CS16B008,CS16B009,CS16B010,CS16B011,CS16B026,CS16B102,CS16B112
CS6100$outside,20,7,EE15B065,EE16B046,EE16B107,EE16B109,EE16B129,EE16B144,NA16B030
CS6120$inside,10,10,CS15B002,CS15B005,CS15B027,CS15B029,CS15B030,CS15B033,CS15B035,CS15B036,CS15B048,CS15B051
CS6120$outside,0,0
CS6230$inside,30,9,CS15B005,CS15B013,CS15B033,CS15B044,CS15B048,CS15B049,CS15B052,CS15B054,CS16B101
CS6230$outside,10,3,EE15B028,EE15B044,EE15B094
CS6251$inside,30,7,CS15B001,CS15B046,CS15B048,CS15B053,CS15B057,CS15B058,CS15B061
CS6251$outside,10,3,CE15B100,EE15B052,EP15B006
CS6360$inside,12,0
CS6360$outside,5,2,CH15B029,EE15B132
CS6570$inside,30,23,CS15B006,CS15B007,CS15B011,CS15B018,CS15B020,CS15B024,CS15B030,CS15B031,CS15B032,CS15B033,CS15B036,CS15B039,CS15B040,CS15B043,CS15B046,CS15B047,CS15B048,CS15B050,CS15B051,CS15B052,CS15B056,CS15B057,CS15B059
CS6570$outside,10,1,EE15B108
CS6600$inside,20,8,CS15B024,CS15B036,CS15B044,CS15B047,CS15B050,CS15B051,CS15B056,CS16B029
CS6600$outside,10,2,CH15B061,EE15B044
CS6700$inside,30,9,CS15B004,CS15B009,CS15B025,CS15B032,CS15B038,CS15B053,CS15B058,CS16B025,CS16B042
CS6700$outside,10,10,CE16B003,ED15B006,ED15B021,EE15B011,EE15B132,EE16B036,EE16B065,EE16B068,EP15B005,ME15B123
CS7011$inside,10,4,CS15B001,CS15B010,CS15B060,CS15B061
CS7011$outside,5,5,EE15B088,EE15B108,EE15B130,ME15B132,ME15B139
CS7015$inside,30,6,CS15B006,CS15B010,CS15B012,CS15B042,CS15B043,CS15B046
CS7015$outside,10,10,AE15B001,AE15B037,BE15B004,BE15B023,BS15B008,CH15B097,EE15B109,EE15B130,ME15B070,ME15B123
CS7111$inside,15,7,CS15B010,CS15B022,CS15B023,CS15B032,CS15B039,CS15B051,CS15B057
CS7111$outside,30,1,EP15B012
CY1001$inside,300,0
CY1001$outside,50,0
CY1002slotP1$inside,300,0
CY1002slotP1$outside,50,0
CY1002slotP2$inside,300,0
CY1002slotP2$outside,50,0
CY1002slotQ1$inside,300,0
CY1002slotQ1$outside,50,0
CY1002slotQ2$inside,300,0
CY1002slotQ2$outside,50,0
CY1002slotR1$inside,300,0
CY1002slotR1$outside,50,0
CY1002slotR2$inside,300,0
CY1002slotR2$outside,50,0
ED1021$inside,60,0
ED1021$outside,5,1,ME15B001
ED1031$inside,60,0
ED1031$outside,5,4,CS15B059,EE15B125,EE15B128,MM15B006
ED1034$inside,60,0
ED1034$outside,5,0
ED1090$inside,25,19,ED15B001,ED15B004,ED15B006,ED15B007,ED15B011,ED15B013,ED15B015,ED15B018,ED15B022,ED15B023,ED15B024,ED15B029,ED15B033,ED15B035,ED15B040,ED15B042,ED15B048,ED15B050,ED15B051
ED1090$outside,5,5,CE15B004,CH15B063,CS15B037,ME15B092,ME15B145
ED1091$inside,30,8,ED15B010,ED15B019,ED15B026,ED15B027,ED15B036,ED15B044,ED15B053,ED15B055
ED1091$outside,5,5,CS15B025,EE15B126,EE17B130,ME15B148,NA15B034
ED2011$inside,60,0
ED2011$outside,10,0
ED2012$inside,60,0
ED2012$outside,5,0
ED2130$inside,60,0
ED2130$outside,5,3,AE16B022,AE16B023,ME15B113
ED2141$inside,120,0
ED2141$outside,10,0
ED3010$inside,60,0
ED3010$outside,5,3,ME15B057,ME15B088,ME15B090
ED5011$inside,30,2,ED15B030,ED16B020
ED5011$outside,5,4,AE15B014,MM15B004,MM15B040,MM15B043
ED5016$inside,40,4,ED15B007,ED15B008,ED15B015,ED15B040
ED5016$outside,5,0
ED5040$inside,20,0
ED5040$outside,5,5,BE16B008,BE16B010,BE16B019,BE16B026,BS15B028
ED5050$inside,50,0
ED5050$outside,5,0
ED5052$inside,60,0
ED5052$outside,5,0
ED5053$inside,30,0
ED5053$outside,5,1,ME15B152
ED5080$inside,120,0
ED5080$outside,10,9,ME15B044,ME15B080,ME15B081,ME15B104,ME15B112,ME15B115,ME15B125,ME15B126,ME15B145
ED5160$inside,30,0
ED5160$outside,5,5,CH15B044,ME15B030,ME15B045,ME15B101,ME15B106
ED5200$inside,30,0
ED5200$outside,5,0
ED5312$inside,30,6,ED15B010,ED15B044,ED15B048,ED15B050,ED15B053,ED16B048
ED5312$outside,5,4,ME15B045,ME15B145,ME15B146,ME15B162
ED5314$inside,35,3,ED15B018,ED15B047,ED15B051
ED5314$outside,15,6,CH15B010,EE15B035,ME15B048,ME15B118,ME15B158,ME17B171
ED5315$inside,40,4,ED15B001,ED15B027,ED16B043,ED16B050
ED5315$outside,5,5,AE15B051,AE16B110,CE16B104,CH16B061,ME15B123
ED5317$inside,40,5,ED15B009,ED15B030,ED15B037,ED15B043,ED15B047
ED5317$outside,5,2,ME15B055,ME15B063
ED5330$inside,30,0
ED5330$outside,5,3,ME15B045,ME15B081,ME15B162
ED5800$inside,60,0
ED5800$outside,0,0
ED6001$inside,30,0
ED6001$outside,5,4,BE15B004,BE15B007,ME15B129,ME15B164
ED6002$inside,20,6,ED15B010,ED15B019,ED15B041,ED15B044,ED15B053,ED15B056
ED6002$outside,20,0
ED6006$inside,15,0
ED6006$outside,25,0
EE1100$inside,1,1,EE17B073
EE1100$outside,0,0
EE1102$inside,1,1,EE15B046
EE1102$outside,0,0
EE1103$inside,40,1,EE15B045
EE1103$outside,0,0
EE2003$inside,90,32,EE15B056,EE15B084,EE15B110,EE16B007,EE16B008,EE16B016,EE16B029,EE16B039,EE16B047,EE16B049,EE16B051,EE16B053,EE16B055,EE16B056,EE16B059,EE16B065,EE16B071,EE16B122,EE16B126,EE16B131,EE16B132,EE16B135,EE16B136,EE16B138,EE16B141,EE16B144,EE16B145,EE16B147,EE16B148,EE16B151,EE16B153,EE16B156
EE2003$outside,0,0
EE2015$inside,0,0
EE2015$outside,5,0
EE2016$inside,0,0
EE2016$outside,5,1,EP16B010
EE2025$inside,10,0
EE2025$outside,0,0
EE3002$inside,90,73,EE15B028,EE15B076,EE15B080,EE15B089,EE15B090,EE15B092,EE15B093,EE15B097,EE15B114,EE16B001,EE16B005,EE16B009,EE16B012,EE16B014,EE16B015,EE16B016,EE16B017,EE16B018,EE16B019,EE16B020,EE16B021,EE16B022,EE16B023,EE16B024,EE16B025,EE16B026,EE16B027,EE16B028,EE16B029,EE16B030,EE16B032,EE16B034,EE16B035,EE16B036,EE16B037,EE16B038,EE16B041,EE16B043,EE16B044,EE16B045,EE16B048,EE16B051,EE16B054,EE16B055,EE16B057,EE16B060,EE16B062,EE16B066,EE16B067,EE16B068,EE16B070,EE16B102,EE16B104,EE16B106,EE16B108,EE16B112,EE16B116,EE16B118,EE16B123,EE16B132,EE16B134,EE16B136,EE16B140,EE16B143,EE16B148,EE16B149,EE16B150,EE16B152,EE16B153,EE16B154,EE16B157,EE16B158,EE16B160
EE3002$outside,0,0
EE3003$inside,90,34,EE15B015,EE15B016,EE15B022,EE15B031,EE15B036,EE15B038,EE15B043,EE15B049,EE15B051,EE15B059,EE15B060,EE15B063,EE15B066,EE15B075,EE15B079,EE15B081,EE15B089,EE15B093,EE15B096,EE15B102,EE15B115,EE15B119,EE15B120,EE16B010,EE16B013,EE16B030,EE16B056,EE16B057,EE16B067,EE16B115,EE16B131,EE16B135,EE16B139,EE16B158
EE3003$outside,0,0
EE3004$inside,0,0
EE3004$outside,5,3,ME16B074,ME16B126,NA16B019
EE3005$inside,90,90,EE15B052,EE15B084,EE15B095,EE15B105,EE15B108,EE15B111,EE15B124,EE16B001,EE16B002,EE16B004,EE16B005,EE16B007,EE16B008,EE16B009,EE16B010,EE16B012,EE16B017,EE16B018,EE16B020,EE16B021,EE16B023,EE16B025,EE16B026,EE16B027,EE16B029,EE16B032,EE16B034,EE16B035,EE16B036,EE16B037,EE16B039,EE16B040,EE16B042,EE16B043,EE16B045,EE16B046,EE16B047,EE16B048,EE16B049,EE16B050,EE16B053,EE16B054,EE16B055,EE16B057,EE16B059,EE16B062,EE16B063,EE16B066,EE16B067,EE16B068,EE16B069,EE16B071,EE16B102,EE16B103,EE16B104,EE16B105,EE16B107,EE16B108,EE16B109,EE16B111,EE16B112,EE16B114,EE16B116,EE16B117,EE16B118,EE16B121,EE16B122,EE16B123,EE16B124,EE16B125,EE16B126,EE16B128,EE16B130,EE16B133,EE16B134,EE16B137,EE16B138,EE16B141,EE16B142,EE16B145,EE16B149,EE16B150,EE16B151,EE16B152,EE16B154,EE16B156,EE16B157,EE16B158,EE16B159,EE16B160
EE3005$outside,0,0
EE3006slotP$inside,1,0
EE3006slotP$outside,0,0
EE3006slotR$inside,1,0
EE3006slotR$outside,0,0
EE3301$inside,0,0
EE3301$outside,60,6,CS17B003,EE17B010,EE17B044,EE17B054,MM17B023,NA15B017
EE3313$inside,90,5,EE15B080,EE15B090,EE16B012,EE16B014,EE16B054
EE3313$outside,0,0
EE4140$inside,60,60,EE15B001,EE15B002,EE15B005,EE15B006,EE15B007,EE15B008,EE15B009,EE15B010,EE15B011,EE15B012,EE15B015,EE15B016,EE15B017,EE15B018,EE15B021,EE15B027,EE15B030,EE15B032,EE15B038,EE15B039,EE15B041,EE15B042,EE15B043,EE15B047,EE15B048,EE15B051,EE15B053,EE15B054,EE15B057,EE15B064,EE15B067,EE15B068,EE15B070,EE15B072,EE15B073,EE15B074,EE15B076,EE15B078,EE15B081,EE15B082,EE15B083,EE15B092,EE15B097,EE15B099,EE15B100,EE15B102,EE15B103,EE15B115,EE15B119,EE15B120,EE15B127,EE15B134,EE16B018,EE16B019,EE16B022,EE16B041,EE16B043,EE16B045,EE16B112,EE16B127
EE4140$outside,0,0
EE4371$inside,60,60,EE15B002,EE15B012,EE15B031,EE15B068,EE15B072,EE15B087,EE15B097,EE15B100,EE15B102,EE15B103,EE15B104,EE15B106,EE15B109,EE15B111,EE15B117,EE15B133,EE16B001,EE16B002,EE16B007,EE16B008,EE16B017,EE16B020,EE16B021,EE16B026,EE16B027,EE16B028,EE16B031,EE16B032,EE16B036,EE16B040,EE16B041,EE16B047,EE16B048,EE16B049,EE16B051,EE16B058,EE16B059,EE16B061,EE16B063,EE16B064,EE16B066,EE16B069,EE16B071,EE16B101,EE16B102,EE16B103,EE16B105,EE16B108,EE16B111,EE16B116,EE16B117,EE16B124,EE16B125,EE16B127,EE16B128,EE16B145,EE16B146,EE16B147,EE16B149,EE16B151
EE4371$outside,0,0
EE4502$inside,15,4,EE15B007,EE15B084,EE15B106,EE15B125
EE4502$outside,0,0
EE4708$inside,35,12,EE15B017,EE15B026,EE15B037,EE15B062,EE15B077,EE15B079,EE15B086,EE15B101,EE15B107,EE15B116,EE15B119,EE15B123
EE4708$outside,0,0
EE5011$inside,0,0
EE5011$outside,20,9,EE15B001,EE15B006,EE15B024,EE15B041,EE15B042,EE15B057,EE15B065,EE16B042,EE17B138
EE5120$inside,13,13,EE15B070,EE15B093,EE15B113,EE16B006,EE16B025,EE16B031,EE16B033,EE16B040,EE16B055,EE16B070,EE16B106,EE16B120,EE16B147
EE5120$outside,5,5,EE15B067,EE15B134,EE16B010,EP16B020,EP16B022
EE5142$inside,20,20,EE15B002,EE15B011,EE15B012,EE15B018,EE15B019,EE15B027,EE15B032,EE15B039,EE15B053,EE15B054,EE15B064,EE15B082,EE15B083,EE15B092,EE15B112,EE15B113,EE15B114,EE15B122,EE15B132,EE15B134
EE5142$outside,0,0
EE5150$inside,40,40,EE15B001,EE15B002,EE15B006,EE15B007,EE15B011,EE15B014,EE15B016,EE15B017,EE15B018,EE15B020,EE15B027,EE15B030,EE15B037,EE15B041,EE15B043,EE15B053,EE15B054,EE15B056,EE15B057,EE15B067,EE15B074,EE15B076,EE15B077,EE15B078,EE15B081,EE15B082,EE15B083,EE15B085,EE15B089,EE15B097,EE15B098,EE15B099,EE15B100,EE15B102,EE15B103,EE15B104,EE15B106,EE15B120,EE15B127,EE16B014
EE5150$outside,0,0
EE5200$inside,20,0
EE5200$outside,0,0
EE5201$inside,20,0
EE5201$outside,0,0
EE5204$inside,10,4,EE15B004,EE15B058,EE15B063,EE16B013
EE5204$outside,10,3,AE15B053,EP15B005,ME15B043
EE5253$inside,10,1,EE15B110
EE5253$outside,10,0
EE5311$inside,40,23,EE15B008,EE15B010,EE15B015,EE15B021,EE15B024,EE15B027,EE15B028,EE15B036,EE15B038,EE15B042,EE15B043,EE15B044,EE15B048,EE15B072,EE15B073,EE15B074,EE15B080,EE15B081,EE15B089,EE15B090,EE15B133,EE15B134,EE16B143
EE5311$outside,0,0
EE5312$inside,20,0
EE5312$outside,0,0
EE5325$inside,20,0
EE5325$outside,0,0
EE5345$inside,20,2,EE15B048,EE15B080
EE5345$outside,0,0
EE5346$inside,20,0
EE5346$outside,0,0
EE5410$inside,10,6,EE15B051,EE15B055,EE15B080,EE15B090,EE15B093,EE15B119
EE5410$outside,0,0
EE5411$inside,30,2,EE15B034,EE15B050
EE5411$outside,0,0
EE5413$inside,10,7,EE15B005,EE15B035,EE15B047,EE15B055,EE15B059,EE15B075,EE15B128
EE5413$outside,10,3,EP15B015,EP15B016,EP15B031
EE6132$inside,10,10,EE15B004,EE15B037,EE15B077,EE15B095,EE15B105,EE15B108,EE16B033,EE16B040,EE16B050,EE16B068
EE6132$outside,0,0
EE6324$inside,20,3,EE15B057,EE15B073,EE15B126
EE6324$outside,0,0
EE6341$inside,20,0
EE6341$outside,0,0
EP2090$inside,0,0
EP2090$outside,0,0
EP2100$inside,15,3,PH16B001,PH16B004,PH16B008
EP2100$outside,10,10,EP15B011,EP15B013,EP16B016,EP16B017,EP16B018,EP16B021,EP16B023,EP16B025,EP16B027,EP17B027
EP2102$inside,0,0
EP2102$outside,0,0
EP2110$inside,0,0
EP2110$outside,10,5,BE16B025,BS16B030,BS16B031,BS16B032,CS17B107
EP2210$inside,0,0
EP2210$outside,0,0
EP3120$inside,0,0
EP3120$outside,0,0
EP3200$inside,30,11,EE15B012,EE15B100,EE15B103,EE15B111,EE15B126,EE16B013,EE17B002,EE17B012,EE17B030,EE17B061,EE17B135
EP3200$outside,0,0
EP3290$inside,0,0
EP3290$outside,0,0
EP4040$inside,0,0
EP4040$outside,0,0
EP4140$inside,0,0
EP4140$outside,0,0
GN1101$inside,0,0
GN1101$outside,0,0
GN5001$inside,0,0
GN5001$outside,50,50,AE15B003,AE15B029,AE15B033,AE15B035,AE15B052,BE16B020,BE16B022,BE16B025,BS16B010,BS16B016,BS16B019,BS16B023,BS16B028,BS16B029,BS16B030,BS16B032,CE15B024,CE15B036,CE15B040,CE15B076,CH15B040,CS15B049,CS15B055,ED15B008,ED15B014,ED15B016,ED15B028,ED15B046,EP15B016,ME15B016,ME15B040,ME15B042,ME15B122,ME16B004,ME16B113,MM15B025,MM15B036,NA15B004,NA15B020,NA15B030,NA15B033,NA16B004,NA16B008,NA16B009,NA16B012,NA16B015,NA16B022,NA16B023,NA16B101,NA16B111
GN6101$inside,0,0
GN6101$outside,300,117,AE15B008,AE15B011,AE15B012,AE15B020,AE15B022,AE15B023,AE16B023,AE17B113,BE15B023,BE16B005,BS15B010,BS15B023,CE15B001,CE15B002,CE15B019,CE15B021,CE15B026,CE15B028,CE15B032,CE15B041,CE15B044,CE15B046,CE15B050,CE15B056,CE15B059,CE15B063,CE15B084,CE15B099,CE15B102,CH15B012,CH15B013,CH15B018,CH15B022,CH15B025,CH15B060,CH15B064,CH15B069,CH15B071,CH15B078,CH15B086,CH15B095,CH16B021,CS15B016,CS15B039,CS15B043,CS15B055,CS15B060,ED15B008,ED15B009,ED15B014,ED15B015,ED15B030,ED15B033,ED15B034,ED15B043,ED15B048,ED16B011,ED16B042,EE15B026,EE15B032,EE15B039,EE15B064,EE15B080,EE15B084,EE15B094,EE15B102,EE15B103,EE15B110,EE15B115,EE15B118,EE15B127,EE15B131,EP15B008,EP15B013,EP15B017,ME15B009,ME15B014,ME15B017,ME15B018,ME15B019,ME15B020,ME15B024,ME15B025,ME15B032,ME15B055,ME15B056,ME15B058,ME15B067,ME15B111,ME15B124,ME15B128,ME16B042,ME16B066,ME16B105,ME16B106,ME16B108,ME16B110,ME16B118,ME16B122,ME16B131,ME16B155,MM15B002,MM15B006,MM15B007,MM15B009,MM15B011,MM15B012,MM15B025,MM15B031,MM15B034,MM15B044,NA15B006,NA15B008,NA15B029,NA15B036,NA16B108,NA16B113
GN6106$inside,0,0
GN6106$outside,50,50,AE15B013,AE15B030,AE17B109,BE16B033,BS15B021,BS15B027,BS16B014,CE15B015,CE15B022,CE15B035,CE15B040,CE15B054,CE15B065,CE15B076,CH15B057,CH15B082,CH17B040,CS15B004,CS15B051,CS17B017,CS17B037,ED15B025,ED15B040,ED16B015,ED16B034,ED16B036,EE15B045,EE15B049,EE15B050,EE17B134,EP15B011,ME15B013,ME15B027,ME15B033,ME15B040,ME15B042,ME15B093,ME15B134,ME15B151,ME15B154,ME16B010,MM15B008,MM15B018,MM15B019,MM15B024,MM15B029,MM15B040,MM15B043,NA15B030,NA15B032
GN6107$inside,0,0
GN6107$outside,300,39,AE15B001,AE15B006,AE15B009,BE15B029,CE15B013,CE15B027,CE15B060,CE15B082,CE15B095,CH15B005,CH15B036,CH15B038,CH15B053,CH15B070,CH15B076,CH15B079,CS15B007,ED15B007,ED15B018,ED15B031,ED15B039,ED15B041,ED15B042,EE15B022,EE15B031,EE15B034,ME15B016,ME15B051,ME15B063,ME15B076,ME15B100,ME15B105,ME15B110,MM15B005,MM15B016,MM15B017,NA15B003,NA15B025,NA15B031
HS1090$inside,46,0
HS1090$outside,65,65,AE15B036,AE17B006,AE17B008,AE17B012,AE17B020,AE17B022,AE17B025,AE17B036,AE17B044,AE17B102,AE17B105,AE17B107,BE15B011,BS17B009,BS17B034,CE15B086,CE16B019,CE16B022,CE16B135,CH15B006,CH15B067,CH16B110,CH17B046,CS15B034,CS16B034,CS17B002,CS17B003,CS17B018,CS17B046,CS17B047,CS17B107,CS17B108,CS17B109,ED16B002,ED16B025,ED16B052,EE15B036,EE15B085,EE15B126,EE17B003,EE17B006,EE17B023,EE17B061,EE17B068,EE17B123,EE17B132,EE17B135,EP15B007,EP16B026,EP17B017,ME15B152,ME17B035,ME17B039,ME17B081,ME17B156,ME17B180,MM16B012,MM16B014,MM16B029,MM16B030,MM16B031,MM17B036,NA16B108,NA17B020,NA17B032
HS1110$inside,46,0
HS1110$outside,20,20,AE15B030,AE17B030,CE16B030,CH15B073,CS17B020,CS17B104,ED16B040,EE15B025,EE15B057,EE15B125,EE17B008,EE17B025,EE17B055,EE17B063,EE17B126,EE17B145,EP16B022,ME17B076,MM15B009,NA17B014
HS2030$inside,0,0
HS2030$outside,60,60,AE15B020,AE15B023,AE15B030,AE15B039,BS15B010,CE15B005,CE15B007,CE15B008,CE15B027,CE15B030,CE15B034,CE15B060,CE15B068,CE15B069,CE15B082,CE15B087,CH15B001,CH15B043,CH15B047,CH15B060,CH16B112,CS15B005,CS15B027,ED15B008,ED15B009,ED15B012,ED15B014,ED15B015,ED15B016,ED15B028,ED15B030,ED15B034,ED15B037,ED15B043,ED15B047,ED15B056,EE15B009,EE15B029,EE15B053,EE15B087,EE15B097,EE15B107,EE15B109,EP15B001,ME15B010,ME15B014,ME15B026,ME15B034,ME15B041,ME15B046,ME15B047,ME15B058,ME15B096,ME15B099,ME16B073,MM15B046,MM16B022,MM16B024,MM16B034,NA15B044
HS2050$inside,0,0
HS2050$outside,60,42,AE15B011,AE15B019,AE15B046,AE15B050,BE15B018,BE15B032,BS15B004,CE15B066,CE15B071,CE15B089,CE15B091,CE15B093,CE15B094,CE15B095,CH15B002,CH15B019,CH15B021,CH15B030,CH15B031,CS15B014,CS15B016,CS15B028,CS15B029,CS15B030,CS15B035,CS15B040,CS15B060,ED15B046,EE15B048,EE15B059,EE15B075,EP15B004,EP15B030,ME15B035,ME15B065,ME15B066,ME15B074,ME15B158,MM16B001,MM16B002,MM16B026,MM16B031
HS3002A$inside,0,0
HS3002A$outside,120,120,AE17B004,AE17B010,AE17B011,AE17B015,AE17B026,AE17B031,AE17B034,AE17B109,AE17B113,BE16B020,BE16B022,BE17B012,BE17B015,BE17B030,BS17B006,BS17B007,BS17B011,BS17B029,BS17B031,CE16B055,CE16B114,CE16B134,CE17B014,CE17B020,CE17B022,CE17B024,CE17B028,CE17B029,CE17B031,CE17B048,CE17B049,CE17B055,CE17B103,CE17B104,CE17B106,CE17B108,CE17B116,CE17B117,CE17B131,CE17B135,CH16B048,CH17B003,CH17B007,CH17B015,CH17B016,CH17B017,CH17B022,CH17B023,CH17B028,CH17B031,CH17B035,CH17B038,CH17B043,CH17B045,CH17B048,CH17B049,CH17B055,CH17B060,CH17B073,CH17B074,CH17B101,CH17B116,CH17B119,CS17B004,CS17B005,CS17B010,CS17B022,CS17B023,CS17B028,CS17B035,CS17B038,CS17B102,ED15B020,ED15B031,ED16B005,ED16B006,ED16B010,ED16B013,ED16B018,ED16B020,ED16B023,ED16B046,ED16B049,ED16B054,ED16B058,EE17B007,EE17B009,EE17B042,EE17B059,EE17B109,EE17B112,EE17B141,EE17B155,EP15B003,EP16B004,EP16B008,EP17B011,EP17B021,EP17B023,ME17B078,ME17B084,ME17B085,ME17B177,MM17B006,MM17B019,MM17B022,MM17B025,MM17B028,MM17B034,MM17B101,MM17B104,MM17B112,NA16B014,NA16B102,NA17B007,NA17B009,NA17B033,NA17B104,NA17B112,NA17B115
HS3002B$inside,0,0
HS3002B$outside,0,0
HS3002C$inside,0,0
HS3002C$outside,120,120,AE16B108,AE17B018,AE17B027,BE17B013,BE17B020,BE17B021,BE17B037,BS17B008,BS17B013,BS17B016,BS17B017,BS17B019,BS17B022,BS17B030,BS17B033,CE15B085,CE16B006,CE16B014,CE16B037,CE16B040,CE16B041,CE16B042,CE16B044,CE16B048,CE16B054,CE16B103,CE16B113,CE16B115,CE16B116,CE16B120,CE16B123,CE16B125,CE16B126,CE16B129,CE17B013,CE17B033,CE17B042,CE17B045,CE17B056,CE17B057,CE17B058,CE17B059,CE17B101,CE17B102,CE17B112,CE17B120,CE17B121,CE17B122,CE17B124,CE17B126,CE17B134,CH16B033,CH17B002,CH17B004,CH17B008,CH17B010,CH17B018,CH17B021,CH17B026,CH17B027,CH17B037,CH17B042,CH17B057,CH17B059,CH17B061,CH17B062,CH17B064,CH17B065,CH17B066,CH17B070,CH17B071,CH17B072,CH17B102,CH17B120,CS16B002,CS16B008,CS16B010,CS16B026,CS16B032,CS16B039,CS17B021,CS17B039,CS17B040,CS17B045,CS17B048,CS17B049,CS17B101,CS17B111,CS17B114,ED15B017,EE17B039,EE17B067,EE17B069,EE17B114,EE17B127,EE17B131,EE17B142,EE17B151,EE17B158,EP16B005,EP16B011,EP16B013,EP16B024,EP17B018,EP17B027,ME15B067,ME17B033,ME17B176,MM16B009,MM16B021,MM16B025,MM16B112,MM17B003,MM17B008,MM17B014,MM17B015,MM17B023,MM17B103,MM17B105,NA17B029
HS3002$inside,0,0
HS3002$outside,120,120,AE17B007,AE17B009,AE17B013,AE17B016,AE17B019,AE17B024,AE17B029,AE17B038,AE17B039,AE17B042,AE17B043,AE17B045,AE17B101,AE17B103,AE17B104,AE17B110,AE17B111,AE17B112,BE16B004,BE16B009,BE17B001,BE17B024,BS17B003,BS17B004,BS17B012,BS17B015,BS17B021,BS17B024,BS17B028,BS17B035,BS17B036,CE16B031,CE16B043,CE16B108,CE16B119,CE17B127,CH15B050,CH16B117,CH17B014,CH17B020,CH17B030,CH17B032,CH17B047,CH17B052,CH17B053,CH17B058,CH17B103,CH17B104,CH17B106,CH17B110,CH17B111,CH17B112,CH17B113,CH17B115,CS17B001,CS17B006,CS17B007,CS17B008,CS17B011,CS17B012,CS17B013,CS17B014,CS17B015,CS17B017,CS17B019,CS17B024,CS17B025,CS17B026,CS17B029,CS17B030,CS17B031,CS17B033,CS17B034,CS17B036,CS17B037,CS17B041,CS17B042,CS17B103,CS17B105,CS17B106,CS17B110,CS17B113,ED16B026,ED16B035,ED16B039,ED16B057,EE17B045,EE17B057,EE17B064,EP16B025,EP16B030,EP17B001,EP17B002,EP17B010,EP17B020,EP17B025,EP17B029,EP17B030,ME17B010,ME17B077,ME17B082,ME17B083,ME17B165,ME17B181,MM16B013,MM16B108,MM17B001,MM17B013,MM17B017,MM17B020,MM17B027,MM17B106,NA16B037,NA16B038,NA16B119,NA17B003,NA17B011,NA17B034,NA17B107,NA17B110
HS3007$inside,0,0
HS3007$outside,60,46,AE15B005,AE15B013,AE15B018,AE15B022,AE15B029,AE15B051,BE15B007,BS15B014,BS15B020,CE15B010,CE15B017,CE15B028,CE15B051,CE15B054,CH15B018,CH15B074,CS15B006,CS15B010,CS15B011,CS15B015,CS15B022,CS15B025,CS15B031,CS15B042,CS15B043,CS15B047,CS15B050,CS15B052,CS15B056,CS15B057,EE15B008,EE15B010,EE15B015,EE15B016,EE15B021,EE15B022,EE15B031,EE15B043,EE15B044,EE15B063,EE15B074,EE15B112,EP17B018,ME15B115,ME15B122,ME15B135
HS3031$inside,20,0
HS3031$outside,30,30,AE15B003,AE15B015,AE15B016,AE15B021,AE15B031,AE15B032,AE15B055,CE15B013,CE15B048,CE15B102,CH15B058,CH15B062,CH15B069,CS15B007,CS15B020,CS15B033,CS15B053,ED15B035,EE15B054,EE15B114,EE15B122,EE15B127,EP15B013,ME15B007,ME15B018,ME15B055,ME15B056,ME15B090,ME15B098,MM15B015
HS3050$inside,225,0
HS3050$outside,0,0
HS3060$inside,0,0
HS3060$outside,60,15,CE15B031,CE15B099,CH16B002,CH16B008,CS15B024,EE15B028,EE15B033,EE15B034,EE15B049,EE15B050,ME15B032,ME15B088,ME15B089,ME15B091,ME15B151
HS3420A$inside,0,0
HS3420A$outside,60,26,CE15B032,CH15B034,CH15B035,CH15B059,CH15B081,CS15B036,CS15B058,ED15B022,EE15B005,EE15B067,EE15B072,EE15B095,EE15B130,ME15B001,ME15B006,ME15B013,ME15B016,ME15B021,ME15B029,ME15B081,ME15B120,ME15B130,ME15B134,ME15B149,ME15B153,MM15B024
HS3420$inside,0,0
HS3420$outside,60,44,AE15B008,AE15B009,AE15B012,AE15B044,AE15B045,CE15B001,CE15B002,CE15B011,CE15B023,CE15B033,CE15B043,CE15B044,CE15B046,CE15B050,CE15B056,CE15B057,CE15B063,CE15B084,CH15B065,CS15B003,CS15B023,CS15B038,CS15B039,ED15B039,ED15B041,EE15B012,EE15B065,EE15B076,EE15B081,EE15B082,EE15B083,EE15B086,EE15B113,ME15B002,ME15B022,ME15B038,ME15B050,ME15B069,ME15B070,ME15B095,ME15B102,MM15B002,MM15B010,NA15B031
HS4001$inside,0,0
HS4001$outside,60,60,AE15B038,AE15B040,AE15B043,AE15B053,AE15B056,AE15B058,AE15B059,BE15B023,BS15B006,BS15B012,BS15B013,CE15B015,CE15B026,CE15B035,CE15B062,CE15B077,CE15B104,CH15B004,CH15B009,CH15B011,CH15B029,CH15B038,CH15B053,CH15B071,CH15B086,CH15B088,CH15B095,CH16B019,CH16B020,CH16B069,CS15B026,ED15B032,ED16B011,ED16B012,ED16B014,ED16B019,ED16B030,ED16B059,EE15B003,EE15B025,EE15B038,EE15B040,EE15B062,EE15B069,EE15B079,ME15B015,ME15B080,ME15B107,ME15B108,ME15B114,ME15B119,ME15B161,MM15B016,MM16B111,NA15B001,NA15B003,NA15B018,NA15B028,NA15B033,NA15B036
HS4002$inside,0,0
HS4002$outside,60,45,AE15B007,AE15B031,BE15B014,BE17B018,BE17B022,BE17B027,BS15B011,BS15B021,CE17B004,CE17B006,CE17B012,CE17B111,CE17B113,CH17B063,CS15B002,CS15B012,CS15B013,CS15B027,CS15B029,CS15B035,CS16B001,CS17B027,CS17B044,EE17B010,EE17B013,EE17B015,EE17B018,EE17B019,EE17B036,EE17B037,EE17B041,EE17B048,EE17B108,EE17B154,EE17B156,ME17B005,MM16B102,MM16B104,MM16B109,MM16B113,NA16B104,NA16B118,NA17B004,NA17B028,NA17B103
HS4005$inside,0,0
HS4005$outside,60,3,EE15B120,ME15B155,NA15B002
HS4010$inside,0,0
HS4010$outside,60,12,AE15B042,CE15B079,CH16B011,CS15B002,CS15B008,CS15B009,EE15B020,EE15B027,EE15B035,ME15B163,ME15B165,MM15B013
HS4031$inside,0,0
HS4031$outside,60,60,AE16B037,BE17B033,BS17B025,BS17B032,CE17B041,CE17B119,CH17B067,CS16B004,CS16B005,CS16B009,CS16B020,CS16B028,CS16B033,CS16B036,CS17B115,ED16B028,EE15B030,EE15B131,EE17B011,EE17B012,EE17B014,EE17B017,EE17B024,EE17B027,EE17B029,EE17B030,EE17B031,EE17B033,EE17B034,EE17B035,EE17B052,EE17B065,EE17B070,EE17B073,EE17B102,EE17B106,EE17B115,EE17B130,EE17B139,EE17B144,EE17B146,EE17B147,EE17B149,EP15B002,EP15B018,EP15B020,EP15B024,EP15B027,EP16B010,EP17B008,ME17B175,NA15B021,NA15B031,NA15B032,NA17B008,NA17B016,NA17B017,NA17B105,PH17B001,PH17B010
HS4210$inside,0,0
HS4210$outside,60,5,BE15B012,CH15B026,CH16B037,CH16B052,MM16B016
HS4290$inside,0,0
HS4290$outside,60,35,AE15B003,AE17B037,BE16B006,BE17B014,BE17B023,BE17B025,BS17B014,CE15B055,CE16B046,CH15B003,CH15B041,CH16B050,CH17B034,CH17B077,CS15B019,ED15B034,EE17B040,EE17B047,EE17B050,EE17B060,EE17B062,EE17B113,EE17B118,EE17B124,EE17B125,EE17B138,EP15B013,EP15B014,EP17B004,ME17B153,MM17B011,MM17B032,NA17B019,NA17B030,NA17B106
HS4300$inside,0,0
HS4300$outside,60,60,AE15B006,AE15B033,BE15B011,BE15B025,CE15B006,CE15B009,CE15B021,CE15B055,CE15B064,CH15B007,CH15B008,CH15B033,CH15B039,CH15B041,CH15B052,CH15B055,CH15B066,CH15B078,CH15B083,CH16B010,CH16B012,CH16B046,CS15B012,CS15B013,CS15B041,CS15B059,EE15B068,EE15B092,EP15B006,EP15B012,ME15B011,ME15B012,ME15B020,ME15B033,ME15B054,ME15B061,ME15B062,ME15B064,ME15B082,ME15B086,ME15B113,ME15B116,ME15B124,ME15B137,ME15B139,ME15B141,ME15B143,ME15B144,ME15B147,MM15B009,MM15B012,MM15B018,MM15B026,MM16B007,MM16B020,MM16B027,MM16B033,MM16B107,NA15B023,NA15B029
HS4350$inside,0,0
HS4350$outside,60,37,AE15B010,BE15B017,CH15B040,CH15B051,CH15B054,CH15B061,CH15B075,CH15B076,CH15B077,CH15B084,EE15B078,EE15B098,EE15B100,EE15B102,EE15B134,EE17B052,EP15B010,EP17B004,EP17B030,ME15B003,ME15B009,ME15B031,ME15B097,ME15B104,ME15B109,ME15B112,ME15B126,ME15B136,ME15B152,MM15B001,MM15B011,MM15B014,MM15B031,MM15B034,MM15B035,NA15B010,NA17B029
HS4571$inside,0,0
HS4571$outside,35,35,AE16B023,AE17B014,BE16B031,BE17B034,BS17B026,CE17B063,CH15B034,CH15B035,CS15B055,EE15B058,EE17B001,EE17B005,EE17B049,EE17B101,EE17B119,EE17B120,EE17B122,EE17B133,EE17B136,EE17B137,EE17B152,EE17B159,EP15B017,EP16B017,EP16B018,EP17B019,ME17B122,MM17B009,MM17B102,MM17B113,NA16B031,NA17B035,NA17B036,NA17B114,PH17B002
HS5920$inside,0,0
HS5920$outside,60,60,AE17B017,AE17B106,BE17B002,BE17B005,BE17B010,BE17B028,BS15B003,BS15B007,BS15B010,BS15B023,BS17B002,BS17B010,BS17B020,CE16B001,CE16B005,CE16B128,CE17B016,CE17B035,CE17B054,CH15B027,CH15B062,CH16B027,CH16B031,CH17B006,CH17B019,CH17B029,CH17B040,CH17B078,CH17B109,CH17B118,CS16B046,CS17B009,CS17B016,EE15B014,EE17B002,EE17B004,EE17B016,EE17B038,EE17B056,EE17B058,EE17B066,EE17B128,EE17B140,EP16B016,EP16B021,EP17B015,EP17B024,ME17B003,ME17B102,ME17B103,ME17B110,ME17B111,MM16B004,MM17B002,MM17B004,MM17B016,NA17B005,NA17B013,NA17B025,NA17B108
HS6940$inside,0,0
HS6940$outside,60,5,CE15B024,ED15B021,ED15B051,ED15B052,EE15B056
ID1200$inside,0,0
ID1200$outside,0,0
ID4100$inside,0,0
ID4100$outside,0,0
ID5030$inside,70,53,ME15B011,ME15B012,ME15B029,ME15B030,ME15B031,ME15B038,ME15B049,ME15B052,ME15B060,ME15B062,ME15B066,ME15B082,ME15B086,ME15B095,ME15B102,ME15B107,ME15B112,ME15B115,ME15B116,ME15B118,ME15B119,ME15B120,ME15B125,ME15B130,ME15B136,ME15B141,ME15B144,ME15B147,ME15B149,ME15B151,ME15B156,ME15B159,ME15B161,ME15B164,ME15B166,ME15B167,ME16B012,ME16B014,ME16B021,ME16B024,ME16B043,ME16B049,ME16B059,ME16B075,ME16B077,ME16B112,ME16B117,ME16B135,ME16B146,ME16B160,ME16B179,ME17B009,ME17B168
ID5030$outside,30,30,AE15B037,AE15B039,AE15B040,AE15B045,AE16B104,AE17B005,AE17B011,CE15B067,CE15B079,CH15B022,CH15B025,CH15B056,CH15B061,ED15B007,ED15B023,ED15B024,ED15B031,ED15B040,EE15B003,EE15B020,EE15B058,EE15B101,EE16B034,EE16B044,EE16B058,EE16B073,EE16B129,MM16B021,NA15B046,NA15B047
ID6010$inside,15,2,ME16B051,ME16B076
ID6010$outside,10,1,CE15B051
ID6040$inside,0,0
ID6040$outside,35,34,AE15B037,AE17B034,CE15B100,EE15B020,EE15B030,EE15B035,EP15B015,EP15B031,ME15B007,ME15B044,ME15B048,ME15B101,ME15B112,ME15B115,ME15B118,ME15B119,ME15B120,ME15B123,ME15B125,ME15B126,ME15B129,ME15B133,ME15B136,ME15B137,ME15B139,ME15B140,ME15B144,ME15B158,ME15B163,ME16B041,ME16B060,ME16B120,ME16B130,ME16B165
ID6060$inside,30,1,MM15B021
ID6060$outside,20,0
ID6070$inside,15,0
ID6070$outside,15,0
ID6103$inside,30,0
ID6103$outside,20,1,PH15B009
ID6105$inside,0,0
ID6105$outside,20,15,CE15B004,CH15B022,CH15B025,CH15B056,CH15B097,ED15B013,ED16B016,ED16B029,ME15B123,ME15B166,ME16B061,ME16B137,ME16B171,MM15B020,MM15B021
ID6106$inside,30,0
ID6106$outside,20,2,ME15B005,ME15B011
IL4020$inside,170,1,ME16B068
IL4020$outside,0,0
MA1101$inside,0,0
MA1101$outside,0,0
MA2010$inside,0,0
MA2010$outside,70,61,CS15B007,CS15B008,CS15B031,CS15B047,CS15B050,CS15B054,CS15B056,CS16B115,EE15B029,EE16B005,EE16B006,EE16B009,EE16B032,EE16B034,EE16B035,EE16B037,EE16B039,EE16B066,EE16B073,EE16B127,EE17B001,EE17B003,EE17B006,EE17B008,EE17B010,EE17B020,EE17B026,EE17B035,EE17B036,EE17B037,EE17B060,EE17B068,EE17B070,EE17B103,EE17B116,EE17B121,EE17B143,EE17B148,EP16B021,EP16B027,EP16B029,EP17B004,EP17B005,EP17B015,EP17B018,ME15B091,ME15B093,ME15B111,ME15B116,ME15B128,NA15B001,NA15B002,NA15B003,NA15B004,NA15B017,NA15B023,NA15B029,PH17B002,PH17B006,PH17B008,PH17B009
MA2020$inside,0,0
MA2020$outside,420,254,BE17B004,BE17B006,BE17B009,BE17B010,BE17B019,BE17B020,BE17B025,BE17B026,BE17B027,BE17B028,BE17B030,BE17B036,BS15B006,BS15B013,CE15B023,CE15B030,CE15B032,CE15B055,CE16B024,CE16B032,CE16B036,CE17B001,CE17B002,CE17B006,CE17B010,CE17B011,CE17B015,CE17B021,CE17B023,CE17B031,CE17B032,CE17B039,CE17B040,CE17B044,CE17B045,CE17B046,CE17B049,CE17B051,CE17B054,CE17B059,CE17B061,CE17B063,CE17B101,CE17B104,CE17B105,CE17B108,CE17B109,CE17B112,CE17B115,CE17B117,CE17B120,CE17B121,CE17B123,CE17B127,CE17B131,CE17B134,CH17B002,CH17B003,CH17B004,CH17B005,CH17B006,CH17B007,CH17B008,CH17B009,CH17B010,CH17B013,CH17B014,CH17B015,CH17B016,CH17B017,CH17B018,CH17B019,CH17B022,CH17B024,CH17B025,CH17B027,CH17B028,CH17B029,CH17B035,CH17B038,CH17B039,CH17B040,CH17B042,CH17B045,CH17B046,CH17B047,CH17B048,CH17B051,CH17B052,CH17B053,CH17B054,CH17B055,CH17B056,CH17B057,CH17B058,CH17B060,CH17B061,CH17B063,CH17B065,CH17B069,CH17B070,CH17B071,CH17B073,CH17B074,CH17B077,CH17B078,CH17B101,CH17B103,CH17B104,CH17B105,CH17B108,CH17B110,CH17B111,CH17B113,CH17B115,CH17B116,CH17B118,CH17B119,CS15B011,CS15B025,CS15B036,CS15B044,CS15B053,CS15B057,CS15B058,EE15B012,EE15B030,EE15B033,EE15B040,EE15B042,EE15B045,EE15B053,EE16B004,EE16B015,EE16B038,EE16B052,EE16B062,EE16B101,EE16B142,EE17B009,EE17B017,EE17B018,EE17B021,EE17B030,EE17B039,EE17B042,EE17B043,EE17B044,EE17B054,EE17B055,EE17B058,EE17B063,EE17B105,EE17B111,EE17B118,EE17B130,EE17B142,EE17B149,EE17B153,EP15B009,EP15B010,EP16B003,EP17B001,EP17B006,EP17B010,EP17B011,EP17B013,EP17B017,EP17B020,EP17B023,EP17B024,EP17B026,EP17B029,EP17B030,MM16B004,MM17B001,MM17B002,MM17B004,MM17B007,MM17B008,MM17B009,MM17B012,MM17B013,MM17B014,MM17B015,MM17B016,MM17B017,MM17B018,MM17B019,MM17B020,MM17B023,MM17B026,MM17B027,MM17B028,MM17B029,MM17B036,MM17B037,MM17B101,MM17B103,MM17B104,MM17B105,MM17B106,MM17B108,MM17B110,MM17B111,MM17B112,MM17B113,NA17B002,NA17B003,NA17B004,NA17B005,NA17B006,NA17B007,NA17B008,NA17B009,NA17B010,NA17B011,NA17B012,NA17B013,NA17B014,NA17B015,NA17B017,NA17B019,NA17B020,NA17B022,NA17B025,NA17B027,NA17B028,NA17B029,NA17B030,NA17B032,NA17B033,NA17B034,NA17B035,NA17B036,NA17B101,NA17B103,NA17B104,NA17B105,NA17B106,NA17B107,NA17B108,NA17B109,NA17B110,NA17B111,NA17B112,NA17B114,NA17B115,NA17B116,NA17B117,PH17B001,PH17B004,PH17B010,PH17B011
MA2031$inside,0,0
MA2031$outside,140,140,AE16B001,AE16B004,AE16B008,AE16B009,AE16B010,AE16B017,AE16B021,AE16B024,AE16B026,AE16B029,AE16B030,AE16B031,AE16B035,AE16B036,AE16B038,AE16B044,AE16B045,AE16B046,AE16B103,AE16B105,AE16B106,AE16B108,AE16B109,AE16B111,AE16B112,AE16B113,AE16B114,BE17B002,BE17B003,BE17B005,BE17B011,BE17B012,BE17B013,BE17B014,BE17B015,BE17B018,BE17B021,BE17B023,BE17B024,BE17B032,BE17B038,BS15B022,CE16B016,CE16B051,CE16B061,CE16B105,CE16B127,CE17B004,CE17B125,CH15B021,CH17B023,CH17B030,CH17B031,CH17B032,CH17B033,CH17B034,CH17B043,CH17B050,CH17B062,CH17B067,CH17B120,CS15B004,CS15B009,CS15B020,CS15B027,CS15B028,CS16B022,CS16B044,CS16B106,ED15B018,ED15B020,EE16B046,EE16B103,EE16B123,EE16B128,EE16B129,EE16B137,EE16B145,EE16B157,EE17B004,EE17B005,EE17B011,EE17B012,EE17B013,EE17B014,EE17B015,EE17B016,EE17B025,EE17B027,EE17B028,EE17B033,EE17B034,EE17B041,EE17B049,EE17B051,EE17B053,EE17B057,EE17B059,EE17B061,EE17B065,EE17B071,EE17B072,EE17B102,EE17B104,EE17B106,EE17B107,EE17B117,EE17B119,EE17B123,EE17B125,EE17B126,EE17B127,EE17B131,EE17B133,EE17B139,EE17B141,EE17B144,EE17B145,EE17B147,EE17B151,EE17B157,EE17B159,EP15B024,EP15B026,EP16B005,EP16B011,EP16B016,EP16B024,EP17B003,EP17B009,EP17B022,EP17B025,EP17B027,ME15B061,MM17B010,MM17B032,NA15B008,NA15B018,NA15B028,PH17B007
MA2040$inside,0,0
MA2040$outside,140,140,AE16B005,AE16B006,AE16B012,AE16B015,AE16B025,AE16B042,AE16B107,AE16B110,AE16B115,BE17B022,BE17B033,CE15B085,CE15B095,CE15B096,CE15B102,CE16B118,CE17B003,CE17B005,CE17B007,CE17B008,CE17B009,CE17B012,CE17B013,CE17B014,CE17B016,CE17B017,CE17B018,CE17B020,CE17B022,CE17B024,CE17B025,CE17B027,CE17B028,CE17B029,CE17B033,CE17B035,CE17B037,CE17B042,CE17B043,CE17B055,CE17B056,CE17B057,CE17B058,CE17B102,CE17B103,CE17B106,CE17B107,CE17B110,CE17B111,CE17B113,CE17B114,CE17B116,CE17B118,CE17B119,CE17B122,CE17B124,CE17B126,CE17B128,CE17B132,CE17B135,CH17B012,CH17B026,CH17B059,CH17B064,CH17B076,ED15B004,ED15B022,ED15B025,ED15B038,ED15B055,EE16B024,EE16B060,EE16B061,EE16B065,EE16B114,EE16B117,EE16B118,EE16B121,EE16B122,EE16B126,EE16B132,EE16B134,EE16B140,EE16B141,EE16B143,EE16B148,EE16B149,EE16B150,EE16B154,EE16B156,EE16B160,EE17B002,EE17B007,EE17B019,EE17B022,EE17B024,EE17B029,EE17B031,EE17B032,EE17B046,EE17B047,EE17B050,EE17B056,EE17B066,EE17B073,EE17B101,EE17B113,EE17B114,EE17B115,EE17B120,EE17B122,EE17B124,EE17B128,EE17B134,EE17B136,EE17B137,EE17B140,EP16B028,EP17B007,ME15B002,ME15B010,ME15B020,ME15B022,ME15B026,ME15B039,ME15B040,ME15B049,ME15B071,ME15B106,ME15B141,ME15B157,MM17B003,MM17B006,MM17B011,MM17B021,MM17B022,MM17B034,MM17B035,NA15B025,NA17B031
MA2130$inside,0,0
MA2130$outside,140,85,AE16B011,AE16B013,AE16B016,AE16B018,AE16B040,BE17B034,BE17B037,CE15B049,CE15B052,CE17B019,CE17B026,CE17B036,CE17B041,CE17B050,CH15B006,CH15B026,CH15B050,CH15B067,CH17B041,CH17B049,CH17B066,CH17B072,CH17B109,ED15B017,ED15B046,EE15B003,EE15B009,EE15B025,EE15B044,EE15B055,EE15B064,EE15B065,EE15B069,EE15B070,EE15B072,EE15B107,EE15B113,EE15B116,EE15B123,EE15B124,EE15B125,EE15B129,EE16B063,EE16B069,EE17B023,EE17B040,EE17B048,EE17B052,EE17B064,EE17B067,EE17B108,EE17B109,EE17B112,EE17B138,EE17B154,EE17B155,EE17B156,EE17B158,EP15B004,EP15B007,EP15B011,EP15B019,EP15B027,EP16B030,EP17B008,EP17B019,EP17B028,ME15B006,ME15B029,ME15B035,ME15B047,ME15B051,ME15B054,ME15B073,ME15B082,ME15B088,ME15B089,ME15B090,ME15B139,MM17B024,MM17B025,MM17B102,NA17B016,NA17B024,NA17B026
MA5014$inside,0,0
MA5014$outside,5,5,CE15B072,EE15B117,ME15B087,ME15B159,ME16B143
MA5310$inside,0,0
MA5310$outside,5,5,AE16B002,BE16B017,CE15B105,CS16B023,ME15B037
MA5330$inside,0,0
MA5330$outside,5,3,EE17B014,EP16B007,MM15B032
MA5350$inside,0,0
MA5350$outside,5,5,EE15B049,EE15B050,ME15B073,ME15B161,MM15B032
MA5370$inside,0,0
MA5370$outside,5,5,CS17B030,CS17B031,CS17B041,EE15B029,EE15B051
MA5390$inside,0,0
MA5390$outside,5,0
MA5400$inside,0,0
MA5400$outside,5,5,CS17B018,CS17B029,CS17B039,CS17B102,MM15B032
MA5430$inside,0,0
MA5430$outside,5,0
MA5440$inside,0,0
MA5440$outside,5,5,AE16B018,CS16B013,EE15B060,ME15B034,ME16B175
MA5450$inside,0,0
MA5450$outside,5,2,CS15B057,PH15B001
MA5470$inside,0,0
MA5470$outside,5,4,CE15B105,EE17B018,EP15B002,NA15B023
MA5490$inside,0,0
MA5490$outside,5,2,EE15B029,ME15B046
MA5540$inside,0,0
MA5540$outside,5,5,AE15B020,AE15B022,AE15B023,AE15B026,MM15B018
MA5710$inside,0,0
MA5710$outside,5,5,ED15B006,ED15B010,ED15B013,ED15B044,ED15B053
MA5720$inside,0,0
MA5720$outside,5,3,CH16B039,ED15B050,ME16B129
MA5741$inside,0,0
MA5741$outside,5,5,AE15B001,ME15B070,MM15B008,MM15B017,NA15B001
MA5890$inside,0,0
MA5890$outside,60,12,AE16B039,BE16B007,CE15B072,CH15B059,CS16B012,ME15B077,MM15B015,MM15B020,MM15B022,MM15B032,NA15B012,NA15B017
MA5910$inside,0,0
MA5910$outside,5,5,CE16B013,CE16B016,CE16B053,CE16B065,EE15B087
MA6080$inside,0,0
MA6080$outside,5,2,EP16B007,ME15B043
MA6200$inside,0,0
MA6200$outside,5,0
MA6270$inside,0,0
MA6270$outside,5,2,ED15B036,NA15B012
MA6380$inside,0,0
MA6380$outside,5,2,EE15B069,EE15B117
MA6470$inside,0,0
MA6470$outside,5,1,CS16B017
ME1100$inside,350,0
ME1100$outside,0,0
ME1480slotC$inside,0,0
ME1480slotC$outside,250,1,EP15B001
ME1480slotF$inside,0,0
ME1480slotF$outside,250,0
ME1480slotP1$inside,0,0
ME1480slotP1$outside,250,0
ME1480slotR1$inside,0,0
ME1480slotR1$outside,250,0
ME1480slotS1$inside,0,0
ME1480slotS1$outside,250,1,EP15B004
ME2201$inside,170,1,ME15B028
ME2201$outside,5,5,AE17B006,AE17B007,AE17B008,AE17B012,AE17B018
ME3101$inside,170,0
ME3101$outside,0,0
ME3103$inside,165,0
ME3103$outside,0,0
ME3124$inside,0,0
ME3124$outside,10,0
ME3126$inside,160,19,ME15B020,ME15B022,ME15B026,ME15B031,ME15B032,ME15B033,ME15B038,ME15B062,ME15B064,ME15B065,ME15B066,ME15B070,ME15B071,ME15B072,ME15B111,ME15B116,ME15B159,ME17B173,ME17B174
ME3126$outside,40,1,AE16B032
ME3201$inside,255,0
ME3201$outside,20,2,NA16B007,NA16B024
ME3250$inside,70,8,ME15B032,ME15B033,ME15B050,ME15B067,ME15B092,ME15B093,ME15B111,ME15B128
ME3250$outside,0,0
ME3301$inside,170,0
ME3301$outside,0,0
ME3281slotQ$inside,175,0
ME3281slotQ$outside,0,0
ME3281slotS$inside,175,0
ME3281slotS$outside,0,0
ME3481$inside,175,0
ME3481$outside,0,0
ME4550$inside,170,9,ME15B009,ME15B018,ME15B021,ME15B025,ME15B034,ME15B036,ME15B041,ME15B045,ME15B150
ME4550$outside,0,0
ME5012$inside,30,0
ME5012$outside,0,0
ME5103$inside,80,8,ME15B003,ME15B018,ME15B041,ME15B092,ME15B136,ME15B151,ME15B153,ME15B162
ME5103$outside,0,0
ME5107$inside,65,14,ME15B036,ME15B050,ME15B060,ME15B092,ME15B093,ME15B111,ME15B113,ME15B116,ME15B127,ME15B128,ME15B130,ME15B150,ME15B151,ME15B162
ME5107$outside,0,0
ME5109$inside,200,13,ME15B009,ME15B050,ME15B071,ME15B072,ME15B092,ME15B093,ME15B111,ME15B113,ME15B116,ME15B127,ME15B128,ME15B130,ME15B162
ME5109$outside,0,0
ME5128$inside,55,20,ME15B001,ME15B036,ME15B043,ME15B057,ME15B079,ME15B080,ME15B081,ME15B099,ME15B104,ME15B107,ME15B108,ME15B110,ME15B112,ME15B114,ME15B115,ME15B126,ME15B134,ME15B136,ME15B157,ME15B165
ME5128$outside,5,2,CE16B059,ED16B001
ME5129$inside,30,7,ME15B017,ME15B019,ME15B024,ME15B025,ME15B053,ME15B071,ME15B162
ME5129$outside,0,0
ME5132$inside,30,28,ME15B011,ME15B012,ME15B021,ME15B022,ME15B026,ME15B034,ME15B037,ME15B046,ME15B053,ME15B054,ME15B056,ME15B061,ME15B062,ME15B064,ME15B065,ME15B066,ME15B068,ME15B069,ME15B070,ME15B072,ME15B074,ME15B077,ME15B125,ME15B127,ME15B130,ME15B155,ME15B157,ME15B158
ME5132$outside,0,0
ME5201$inside,60,12,ME15B005,ME15B007,ME15B011,ME15B031,ME15B038,ME15B107,ME15B108,ME15B114,ME15B159,ME15B164,ME15B166,ME15B167
ME5201$outside,10,2,BE15B022,BS15B005
ME5204$inside,0,0
ME5204$outside,30,21,ME15B001,ME15B003,ME15B005,ME15B006,ME15B011,ME15B022,ME15B026,ME15B031,ME15B035,ME15B038,ME15B104,ME15B107,ME15B109,ME15B110,ME15B114,ME15B119,ME15B125,ME15B137,ME15B143,ME15B152,ME15B157
ME5205$inside,70,0
ME5205$outside,0,0
ME5207$inside,60,0
ME5207$outside,5,0
ME5281$inside,30,0
ME5281$outside,0,0
ME5301$inside,60,0
ME5301$outside,0,0
ME5303$inside,44,43,ME15B001,ME15B003,ME15B006,ME15B007,ME15B010,ME15B015,ME15B020,ME15B035,ME15B044,ME15B045,ME15B048,ME15B049,ME15B050,ME15B079,ME15B083,ME15B088,ME15B089,ME15B090,ME15B091,ME15B094,ME15B096,ME15B097,ME15B100,ME15B104,ME15B106,ME15B109,ME15B115,ME15B117,ME15B119,ME15B121,ME15B122,ME15B124,ME15B131,ME15B133,ME15B135,ME15B136,ME15B137,ME15B140,ME15B144,ME15B148,ME15B152,ME15B162,ME15B165
ME5303$outside,0,0
ME5305$inside,120,19,ME15B015,ME15B035,ME15B083,ME15B088,ME15B089,ME15B090,ME15B091,ME15B094,ME15B096,ME15B097,ME15B100,ME15B106,ME15B109,ME15B117,ME15B121,ME15B122,ME15B131,ME15B135,ME15B148
ME5305$outside,0,0
ME5307$inside,40,23,ME15B013,ME15B014,ME15B015,ME15B016,ME15B083,ME15B088,ME15B089,ME15B090,ME15B091,ME15B094,ME15B096,ME15B097,ME15B098,ME15B100,ME15B106,ME15B109,ME15B117,ME15B121,ME15B122,ME15B131,ME15B135,ME15B148,ME16B057
ME5307$outside,0,0
ME5323$inside,84,25,ME15B007,ME15B015,ME15B083,ME15B088,ME15B089,ME15B090,ME15B091,ME15B094,ME15B096,ME15B097,ME15B098,ME15B100,ME15B106,ME15B109,ME15B117,ME15B121,ME15B122,ME15B126,ME15B131,ME15B135,ME15B148,ME15B163,ME16B121,ME16B144,ME16B152
ME5323$outside,0,0
ME6060$inside,30,1,ME15B076
ME6060$outside,0,0
ME6127$inside,60,8,ME15B003,ME15B009,ME15B010,ME15B018,ME15B019,ME15B024,ME15B041,ME15B058
ME6127$outside,0,0
ME6221$inside,10,10,ME15B044,ME15B079,ME15B099,ME16B030,ME16B031,ME16B039,ME16B046,ME16B047,ME16B054,ME16B140
ME6221$outside,10,9,ED15B001,ME15B048,ME15B069,ME15B108,ME15B110,ME15B114,ME15B124,ME15B143,ME15B158
ME6225$inside,20,3,ME15B051,ME15B069,ME15B120
ME6225$outside,10,0
ME6226$inside,50,1,ME15B043
ME6226$outside,0,0
ME6227$inside,20,0
ME6227$outside,10,0
ME6280$inside,100,34,ME15B001,ME15B002,ME15B003,ME15B005,ME15B006,ME15B009,ME15B010,ME15B013,ME15B014,ME15B016,ME15B017,ME15B018,ME15B019,ME15B020,ME15B022,ME15B024,ME15B025,ME15B026,ME15B027,ME15B035,ME15B041,ME15B043,ME15B053,ME15B054,ME15B055,ME15B056,ME15B058,ME15B061,ME15B080,ME15B084,ME15B155,ME15B157,ME15B160,ME15B165
ME6280$outside,0,0
ME6333$inside,44,0
ME6333$outside,0,0
ME6580$inside,30,4,ME15B028,ME15B040,ME15B105,ME15B137
ME6580$outside,0,0
ME7020$inside,35,7,ME15B002,ME15B007,ME15B029,ME15B045,ME15B097,ME15B098,ME15B153
ME7020$outside,0,0
ME7200$inside,25,1,ME15B028
ME7200$outside,0,0
ME7223$inside,30,5,ME15B048,ME15B133,ME15B145,ME15B154,ME15B167
ME7223$outside,10,0
ME7244$inside,30,0
ME7244$outside,0,0
MM2010$inside,30,0
MM2010$outside,20,0
MM2013$inside,30,0
MM2013$outside,20,1,BS15B021
MM2015$inside,40,0
MM2015$outside,20,0
MM2080$inside,30,0
MM2080$outside,20,0
MM3010$inside,30,0
MM3010$outside,20,0
MM3012$inside,30,14,MM15B001,MM15B005,MM15B007,MM15B009,MM15B010,MM15B014,MM15B016,MM15B019,MM15B024,MM15B026,MM15B029,MM15B035,MM15B041,MM16B020
MM3012$outside,20,0
MM3030$inside,30,0
MM3030$outside,20,0
MM3090$inside,30,0
MM3090$outside,20,0
MM3110$inside,30,7,MM16B012,MM16B016,MM16B022,MM16B024,MM16B028,MM16B030,MM16B035
MM3110$outside,20,0
MM3330$inside,30,0
MM3330$outside,20,0
MM4010$inside,30,13,MM15B001,MM15B005,MM15B007,MM15B008,MM15B013,MM15B014,MM15B017,MM15B021,MM15B024,MM15B025,MM15B035,MM15B039,MM15B047
MM4010$outside,20,0
MM4110$inside,30,0
MM4110$outside,20,0
MM4190$inside,30,0
MM4190$outside,20,0
MM5001$inside,30,0
MM5001$outside,20,0
MM5003$inside,30,9,MM15B010,MM15B019,MM15B039,MM15B044,MM15B047,MM16B008,MM16B017,MM16B019,MM16B023
MM5003$outside,20,0
MM5006$inside,30,3,MM15B004,MM15B010,MM15B044
MM5006$outside,20,1,ED15B050
MM5010$inside,30,0
MM5010$outside,20,0
MM5012$inside,30,1,MM15B046
MM5012$outside,20,0
MM5013$inside,30,1,MM15B002
MM5013$outside,20,0
MM5023$inside,30,1,MM15B047
MM5023$outside,20,0
MM5024$inside,30,4,MM15B001,MM15B013,MM15B014,MM15B015
MM5024$outside,20,0
MM5028$inside,30,1,MM15B046
MM5028$outside,20,0
MM5040$inside,30,1,MM16B004
MM5040$outside,20,0
MM5104$inside,30,5,MM15B001,MM15B014,MM15B048,MM16B001,MM16B002
MM5104$outside,20,0
MM5160$inside,30,3,MM15B015,MM15B044,MM15B048
MM5160$outside,20,1,ME16B022
MM5520$inside,30,4,MM15B002,MM15B022,MM16B018,MM16B023
MM5520$outside,20,0
MM5700$inside,30,6,MM15B004,MM15B009,MM15B021,MM16B008,MM16B017,MM16B019
MM5700$outside,20,0
MS3510$inside,0,0
MS3510$outside,140,140,AE15B006,AE15B025,AE15B035,AE16B003,AE16B103,AE17B027,BE15B015,BS15B007,CE15B009,CE15B042,CE15B062,CE16B011,CE16B025,CE16B044,CE16B046,CE16B053,CE16B054,CE16B060,CE16B113,CE16B114,CE16B130,CE17B037,CE17B132,CH15B069,CH15B087,CH16B013,CH16B030,CH16B045,CH16B046,CH16B050,CH16B055,CH16B072,CH16B103,CH16B115,CH17B036,CS16B023,CS16B114,CS17B004,CS17B005,CS17B006,CS17B007,CS17B009,CS17B011,CS17B015,CS17B019,CS17B021,CS17B022,CS17B023,CS17B024,CS17B026,CS17B028,CS17B033,CS17B034,CS17B035,CS17B038,CS17B042,CS17B047,CS17B101,CS17B104,CS17B106,CS17B108,CS17B109,CS17B110,CS17B111,CS17B112,CS17B113,CS17B116,ED16B058,EE15B005,EE15B045,EE16B006,EE17B039,ME15B042,ME15B051,ME15B074,ME15B139,ME15B140,ME15B153,ME16B001,ME16B011,ME16B017,ME16B019,ME16B023,ME16B036,ME16B037,ME16B044,ME16B045,ME16B050,ME16B052,ME16B056,ME16B063,ME16B068,ME16B069,ME16B070,ME16B078,ME16B114,ME16B125,ME16B132,ME16B133,ME16B141,ME16B145,ME16B147,ME16B148,ME16B153,ME16B158,ME16B159,ME16B162,ME16B166,ME16B167,ME16B168,ME16B172,ME16B173,ME16B174,ME16B176,ME16B177,ME16B178,ME16B180,ME17B045,ME17B078,ME17B134,ME17B169,MM15B044,MM15B048,MM16B007,MM16B018,MM16B105,NA15B010,NA15B011,NA15B014,NA15B019,NA15B029,NA15B043,NA16B013,NA16B017,NA16B026,NA16B029,NA16B032,NA16B039,NA16B107,NA16B117
MS3520$inside,0,0
MS3520$outside,60,60,BE15B015,BE15B025,BS16B003,BS16B006,BS16B017,BS16B024,CE15B009,CE15B013,CE15B047,CE15B048,CE15B049,CE15B052,CH15B001,CH15B003,CH15B028,CH15B048,CH15B055,CH15B064,CH15B073,CH15B083,CH15B087,CH15B093,CH16B015,CH16B016,CH16B030,CH16B043,CH16B055,CH16B103,CH16B106,CH16B117,CS15B013,CS17B012,CS17B013,CS17B014,CS17B025,ED15B017,EE15B104,ME15B010,ME15B041,ME15B047,ME15B052,ME15B055,ME15B064,ME15B074,ME15B154,ME16B169,MM15B011,MM15B012,MM15B018,MM15B023,MM15B031,MM15B039,MM15B041,MM15B046,MM15B047,MM17B104,NA15B011,NA15B014,NA16B032,PH16B011
MS3610$inside,0,0
MS3610$outside,180,161,AE15B008,AE15B012,AE15B013,AE15B015,AE15B018,AE15B035,AE15B038,AE15B042,AE15B050,AE15B058,BE15B011,BE15B026,BE16B021,BS15B007,BS16B022,BS16B026,CE15B001,CE15B002,CE15B003,CE15B006,CE15B019,CE15B022,CE15B032,CE15B056,CE15B057,CE15B059,CE15B063,CE15B064,CE15B082,CE15B084,CE15B087,CE15B102,CE15B103,CE15B104,CH15B007,CH15B008,CH15B041,CH15B045,CH15B056,CH15B057,CH15B062,CH15B066,CH15B070,CH16B017,CH16B018,CH16B022,CH16B023,CH16B026,CH16B028,CH16B029,CH16B038,CH16B039,CH16B041,CH16B054,CH16B062,CH16B066,CS15B005,CS15B019,CS15B027,CS15B029,CS15B035,CS17B001,CS17B008,CS17B010,CS17B049,CS17B103,CS17B114,ED15B026,ED15B029,EE15B004,EE15B005,EE15B007,EE15B008,EE15B010,EE15B015,EE15B016,EE15B021,EE15B022,EE15B033,EE15B034,EE15B036,EE15B038,EE15B040,EE15B043,EE15B045,EE15B051,EE15B059,EE15B062,EE15B063,EE15B066,EE15B070,EE15B078,EE15B082,EE15B087,EE16B133,EE16B137,EE16B139,EE16B159,EE17B029,EE17B031,EE17B035,EE17B146,EP16B002,EP16B004,EP16B010,EP16B028,ME15B006,ME15B018,ME15B021,ME15B024,ME15B030,ME15B031,ME15B037,ME15B038,ME15B046,ME15B049,ME15B057,ME15B070,ME15B073,ME15B076,ME15B150,ME16B034,ME16B111,ME16B119,ME16B139,ME16B142,ME16B149,MM15B001,MM15B009,MM15B013,MM15B014,MM15B036,MM17B011,MM17B013,MM17B021,MM17B022,MM17B026,MM17B027,MM17B028,MM17B102,NA15B004,NA15B008,NA15B016,NA15B017,NA15B019,NA15B028,NA15B029,NA15B041,NA15B043,NA15B047,NA16B010,NA16B011,NA16B016,NA16B018,NA16B029,NA16B033,NA16B034,NA16B037,NA16B039,NA16B115,NA16B118
MS3710$inside,0,0
MS3710$outside,60,57,AE15B003,BS15B010,BS15B013,BS15B021,CE15B054,CE15B069,CH15B004,CH15B013,CH15B018,CH15B042,CH15B043,CH15B060,CH15B071,CH15B078,CH15B079,CH15B082,CH15B086,CH15B095,CH16B021,CH16B049,CH16B053,CH16B067,CH16B111,CS15B016,ED15B011,ED15B016,ED15B033,ED15B039,EE15B084,EE15B110,ME15B001,ME15B012,ME15B017,ME15B019,ME15B020,ME15B063,ME16B104,ME16B134,MM15B008,MM15B017,MM15B019,MM15B024,MM15B026,NA15B007,NA15B010,NA15B013,NA15B020,NA15B046,NA16B009,NA16B017,NA16B022,NA16B023,NA16B038,NA16B101,NA16B104,NA16B113,NA16B119
MS3830$inside,0,0
MS3830$outside,60,2,CE15B021,CS15B012
MS4100$inside,0,0
MS4100$outside,60,46,AE15B035,BE15B026,BS15B007,BS15B008,BS15B021,BS15B023,CE15B018,CE15B029,CE15B037,CE15B042,CE15B049,CE15B052,CE15B065,CE15B078,CH15B028,CH15B037,CH15B042,CH15B045,CH15B048,CH15B057,CH15B073,CH16B005,CH16B014,CH16B032,CH16B035,CH16B105,CS15B004,ED15B017,ED15B026,ED15B036,ED16B024,EE15B052,EE15B123,EE15B124,EE15B129,EE15B131,EP15B024,EP15B026,ME15B037,ME15B039,ME15B063,ME15B076,ME15B118,ME15B131,ME15B150,NA15B025
MS4110$inside,30,0
MS4110$outside,36,36,AE15B033,AE15B055,BS15B032,CE15B018,CE15B029,CE15B037,CE15B042,CE15B065,CE15B079,CE15B089,CE15B092,CH16B025,CH16B056,CH16B057,CH16B069,CH16B114,CS15B037,CS17B046,EE15B026,EE15B079,ME15B051,ME15B058,ME15B068,ME16B029,ME16B062,ME16B071,ME16B101,ME16B136,ME16B157,MM15B029,NA16B005,NA16B014,NA16B102,NA16B110,NA16B112,PH16B003
MS4120$inside,0,0
MS4120$outside,60,4,CH15B035,CH15B081,EP15B024,MM15B035
MS6010$inside,0,0
MS6010$outside,60,29,AE15B012,AE15B013,AE15B018,AE15B038,BE15B015,BE15B030,BE16B002,BE16B014,BE16B016,BS15B008,BS16B018,CE15B032,CE15B086,CH16B017,CH16B026,ED15B008,ED15B029,ED15B034,EE15B069,EE16B015,ME15B012,ME15B015,ME15B039,ME15B067,ME15B068,ME15B118,MM15B005,MM15B013,NA15B013
NE6310$inside,20,4,ME15B034,ME15B036,ME15B065,ME15B067
NE6310$outside,10,0
OE2013$inside,0,0
OE2013$outside,0,0
OE2023$inside,0,0
OE2023$outside,0,0
OE3015$inside,0,0
OE3015$outside,0,0
OE3025$inside,0,0
OE3025$outside,0,0
OE3035$inside,0,0
OE3035$outside,0,0
OE3045$inside,0,0
OE3045$outside,0,0
OE3190$inside,25,0
OE3190$outside,0,0
OE4050$inside,35,0
OE4050$outside,0,0
OE5012$inside,15,0
OE5012$outside,10,10,NA15B005,NA15B017,NA15B019,NA15B021,NA15B032,NA15B034,NA15B041,NA15B042,NA15B046,NA15B047
OE5200$inside,15,0
OE5200$outside,10,3,NA15B022,NA15B033,NA15B043
OE5310$inside,15,0
OE5310$outside,10,10,ME15B079,ME15B133,NA15B002,NA15B003,NA15B004,NA15B005,NA15B017,NA15B034,NA15B039,NA15B042
OE5320$inside,15,0
OE5320$outside,10,1,NA15B002
OE5650$inside,15,0
OE5650$outside,10,6,NA15B014,NA15B025,NA15B041,NA15B043,NA15B045,NA15B047
OE6002$inside,30,0
OE6002$outside,20,0
OE6003$inside,15,0
OE6003$outside,10,1,NA15B006
OE6006$inside,30,0
OE6006$outside,20,3,NA15B003,NA15B006,NA15B022
OE6200$inside,15,0
OE6200$outside,10,0
OE6980$inside,15,0
OE6980$outside,10,5,NA15B022,NA15B042,NA15B044,NA15B048,NA15B049
OE6990$inside,15,0
OE6990$outside,10,10,NA15B042,NA15B048,NA16B012,NA16B015,NA16B020,NA16B021,NA16B034,NA16B106,NA16B109,NA16B111
PE6020$inside,30,0
PE6020$outside,20,7,NA15B011,NA15B016,NA15B019,NA15B031,NA15B039,NA15B044,NA15B048
PE6030$inside,15,0
PE6030$outside,10,10,CH15B024,CH15B036,CH15B049,ME16B006,ME16B008,ME16B009,ME16B026,ME16B035,ME16B055,NA15B030
PE6050$inside,30,0
PE6050$outside,20,12,ME15B013,ME15B014,ME15B016,ME15B043,NA15B007,NA15B014,NA15B016,NA15B018,NA15B019,NA15B028,NA15B030,NA15B031
PE6317$inside,15,0
PE6317$outside,10,1,NA15B006
PH1010$inside,0,0
PH1010$outside,0,0
PH1020$inside,0,0
PH1020$outside,0,0
PH1030slotP1$inside,0,0
PH1030slotP1$outside,0,0
PH1030slotP2$inside,0,0
PH1030slotP2$outside,0,0
PH1030slotQ1$inside,0,0
PH1030slotQ1$outside,0,0
PH1030slotQ2$inside,0,0
PH1030slotQ2$outside,0,0
PH1030slotR1$inside,0,0
PH1030slotR1$outside,0,0
PH1030slotR2$inside,0,0
PH1030slotR2$outside,0,0
PH1030slotS1$inside,0,0
PH1030slotS1$outside,0,0
PH1030slotS2$inside,0,0
PH1030slotS2$outside,0,0
PH1030slotT1$inside,0,0
PH1030slotT1$outside,0,0
PH1030slotT2$inside,0,0
PH1030slotT2$outside,0,0
PH1080$inside,0,0
PH1080$outside,0,0
PH2050$inside,0,0
PH2050$outside,0,0
PH2140$inside,0,0
PH2140$outside,0,0
PH2170$inside,0,0
PH2170$outside,30,5,BE16B009,EP15B003,EP15B008,EP15B018,MM15B006
PH3500$inside,0,0
PH3500$outside,25,10,AE16B008,AE16B016,CS17B048,EE15B093,EE17B028,EE17B033,EP15B019,EP15B024,ME17B166,ME17B167
PH5030$inside,0,0
PH5030$outside,0,0
PH5040$inside,0,0
PH5040$outside,0,0
PH5050$inside,0,0
PH5050$outside,0,0
PH5060$inside,0,0
PH5060$outside,0,0
PH5100$inside,0,0
PH5100$outside,0,0
PH5110$inside,10,0
PH5110$outside,0,0
PH5210$inside,10,6,PH15B001,PH15B005,PH15B006,PH15B007,PH15B008,PH15B009
PH5210$outside,0,0
PH5211$inside,10,6,PH15B001,PH15B005,PH15B006,PH15B007,PH15B008,PH15B009
PH5211$outside,0,0
PH5270$inside,0,0
PH5270$outside,0,0
PH5410$inside,0,0
PH5410$outside,0,0
PH5460$inside,0,0
PH5460$outside,10,10,EP15B001,EP15B004,EP15B010,EP15B020,EP15B023,EP15B030,EP16B003,EP16B008,EP16B012,EP16B029
PH5840$inside,0,0
PH5840$outside,30,30,CE15B088,CS15B023,EE15B088,EE15B106,EP15B003,EP15B007,EP15B009,EP15B010,EP15B012,EP15B018,EP15B023,EP15B025,EP15B027,EP15B030,EP16B003,EP16B005,EP16B008,EP16B013,EP16B020,EP16B022,EP16B024,EP16B028,EP16B029,EP16B030,MM15B018,MM15B040,MM15B043,PH15B007,PH15B009,PH16B004
PH6022$inside,0,0
PH6022$outside,20,0
CS2700A$inside,0,0
CS2700A$outside,10,10,AE15B016,AE15B021,AE15B032,AE15B042,AE15B045,BS16B022,EE15B110,ME15B077,ME15B154,ME15B160
CS2300A$inside,0,0
CS2300A$outside,10,2,AE15B001,CH16B045
