Student Roll No,EffectiveAverageRank,creditSatisfactionRatio
AE15B001,1.04,0.79
AE15B002,4.0,0.14
AE15B003,0.58,0.86
AE15B004,0.0,1.0
AE15B005,0.89,0.43
AE15B006,0.81,0.5
AE15B007,1.25,0.82
AE15B008,0.68,0.71
AE15B009,0.78,0.43
AE15B010,0.6,0.88
AE15B011,0.83,0.86
AE15B012,0.72,0.67
AE15B013,0.6,0.87
AE15B014,0.78,0.6
AE15B015,2.11,0.43
AE15B016,0.78,0.54
AE15B017,0.0,1.0
AE15B018,0.76,0.81
AE15B019,0.58,0.9
AE15B020,0.69,0.86
AE15B021,0.78,0.54
AE15B022,1.19,0.71
AE15B023,0.96,0.71
AE15B024,0.0,1.0
AE15B025,0.67,0.84
AE15B026,0.67,0.53
AE15B027,0.0,1.0
AE15B028,0.0,1.0
AE15B029,1.0,0.57
AE15B030,0.6,0.88
AE15B031,0.58,0.74
AE15B032,0.67,0.54
AE15B033,0.64,0.9
AE15B034,0.0,1.0
AE15B035,0.88,0.6
AE15B036,0.63,0.71
AE15B037,0.69,0.68
AE15B038,0.94,0.57
AE15B039,0.67,0.44
AE15B040,0.69,0.59
AE15B041,0.0,1.0
AE15B042,0.76,0.83
AE15B043,0.75,0.71
AE15B044,0.78,0.9
AE15B045,1.11,0.54
AE15B046,0.68,0.88
AE15B047,0.0,1.0
AE15B048,0.0,1.0
AE15B049,0.0,1.0
AE15B050,0.6,0.88
AE15B051,0.63,1.0
AE15B052,1.0,0.53
AE15B053,0.63,0.71
AE15B054,0.0,1.0
AE15B055,0.78,0.59
AE15B056,0.67,0.6
AE15B057,0.0,1.0
AE15B058,1.25,0.35
AE15B059,0.81,0.71
AE16B001,0.75,0.67
AE16B002,0.75,0.67
AE16B003,1.0,0.33
AE16B004,0.75,0.67
AE16B005,0.75,0.67
AE16B006,0.75,0.67
AE16B007,1.0,0.53
AE16B008,0.75,0.67
AE16B009,0.75,0.67
AE16B010,0.75,0.67
AE16B011,0.75,0.67
AE16B012,1.0,0.53
AE16B013,0.75,0.67
AE16B014,1.0,0.53
AE16B015,0.75,0.67
AE16B016,0.75,0.67
AE16B017,0.67,1.0
AE16B018,0.75,0.67
AE16B019,0.75,0.67
AE16B020,0.75,0.67
AE16B021,0.75,0.67
AE16B022,0.67,0.82
AE16B023,0.89,0.79
AE16B024,0.75,0.67
AE16B025,0.75,0.67
AE16B026,0.75,0.67
AE16B027,0.0,1.0
AE16B028,0.75,0.67
AE16B029,0.67,1.0
AE16B030,0.75,0.67
AE16B031,0.67,1.0
AE16B032,0.75,0.67
AE16B033,0.0,1.0
AE16B034,0.75,0.67
AE16B035,0.75,0.67
AE16B036,0.75,0.67
AE16B037,0.75,0.67
AE16B038,0.75,0.67
AE16B039,0.67,1.0
AE16B040,0.75,0.67
AE16B041,0.75,0.67
AE16B042,1.0,0.33
AE16B043,1.0,0.33
AE16B044,0.75,0.67
AE16B045,0.75,0.67
AE16B046,0.75,0.67
AE16B102,0.75,0.67
AE16B103,0.75,0.67
AE16B104,1.0,0.56
AE16B105,1.0,0.33
AE16B106,0.75,0.67
AE16B107,0.75,0.67
AE16B108,0.75,0.67
AE16B109,0.75,0.67
AE16B110,0.67,1.0
AE16B111,1.0,0.53
AE16B112,0.75,0.67
AE16B113,0.75,0.67
AE16B114,0.67,1.0
AE16B115,0.75,0.7
AE17B001,0.0,0.0
AE17B003,1.0,0.41
AE17B004,1.0,0.41
AE17B005,1.0,0.45
AE17B006,0.75,0.86
AE17B007,0.75,0.86
AE17B008,1.0,0.86
AE17B009,1.0,0.41
AE17B010,1.0,0.41
AE17B011,0.75,0.86
AE17B012,1.25,0.86
AE17B013,1.0,0.41
AE17B014,3.0,0.41
AE17B015,1.0,0.69
AE17B016,1.0,0.41
AE17B017,3.0,0.41
AE17B018,0.75,0.86
AE17B019,1.0,0.41
AE17B020,1.0,0.41
AE17B021,1.0,0.41
AE17B022,0.75,0.82
AE17B023,0.0,1.0
AE17B024,1.0,0.41
AE17B025,1.0,0.41
AE17B026,2.0,0.41
AE17B027,1.0,0.82
AE17B028,1.0,0.5
AE17B029,1.0,0.41
AE17B030,1.0,0.41
AE17B031,1.0,0.41
AE17B032,0.0,0.0
AE17B033,0.0,1.0
AE17B034,0.75,0.95
AE17B035,0.0,1.0
AE17B036,1.0,0.41
AE17B037,1.0,0.41
AE17B038,1.0,0.41
AE17B039,1.0,0.41
AE17B040,0.0,1.0
AE17B041,0.0,1.0
AE17B042,1.0,0.41
AE17B043,1.0,0.41
AE17B044,1.0,0.41
AE17B045,1.0,0.41
AE17B046,0.0,1.0
AE17B101,1.0,0.41
AE17B102,1.0,0.41
AE17B103,1.0,0.41
AE17B104,1.0,0.41
AE17B105,1.0,0.41
AE17B106,1.0,0.75
AE17B107,1.0,0.41
AE17B108,0.0,1.0
AE17B109,2.0,0.82
AE17B110,1.0,0.41
AE17B111,1.0,0.41
AE17B112,1.0,0.41
AE17B113,2.0,0.82
BE15B001,0.0,1.0
BE15B003,0.0,1.0
BE15B004,0.75,0.93
BE15B005,0.81,0.86
BE15B006,0.78,0.46
BE15B007,0.67,0.84
BE15B008,1.0,0.16
BE15B009,0.58,0.87
BE15B010,0.0,1.0
BE15B011,0.72,0.67
BE15B012,1.33,0.38
BE15B013,0.64,0.73
BE15B014,0.69,0.97
BE15B015,0.88,0.52
BE15B016,0.0,1.0
BE15B017,0.61,0.83
BE15B018,0.58,0.83
BE15B019,0.8,0.68
BE15B021,1.0,0.59
BE15B022,0.63,0.76
BE15B023,0.61,0.86
BE15B024,0.0,1.0
BE15B025,0.67,0.38
BE15B026,0.63,0.57
BE15B027,0.0,1.0
BE15B028,0.75,0.52
BE15B029,0.81,0.52
BE15B030,0.68,0.68
BE15B031,0.63,0.84
BE15B032,0.6,0.8
BE16B001,0.67,0.86
BE16B002,0.67,0.74
BE16B003,0.67,0.86
BE16B004,1.0,0.36
BE16B005,1.0,0.69
BE16B006,1.78,0.83
BE16B007,0.67,0.83
BE16B008,1.0,0.57
BE16B009,0.78,0.91
BE16B010,1.0,0.66
BE16B011,0.75,0.66
BE16B012,0.0,1.0
BE16B013,0.0,1.0
BE16B014,0.78,0.74
BE16B015,0.67,0.86
BE16B016,0.78,0.74
BE16B017,0.67,0.46
BE16B018,0.0,1.0
BE16B019,1.0,0.48
BE16B020,1.22,0.94
BE16B021,0.67,0.77
BE16B022,1.22,0.86
BE16B023,0.67,0.86
BE16B024,0.0,1.0
BE16B025,0.75,0.87
BE16B026,0.67,0.94
BE16B027,0.0,1.0
BE16B028,0.0,1.0
BE16B029,1.0,0.31
BE16B030,0.0,1.0
BE16B031,1.5,0.57
BE16B032,0.0,1.0
BE16B033,1.0,0.53
BE16B034,0.78,0.83
BE16B035,0.75,0.57
BE16B036,0.67,0.83
BE17B001,1.0,0.38
BE17B002,0.75,0.75
BE17B003,1.0,0.64
BE17B004,1.0,0.64
BE17B005,0.75,0.75
BE17B006,0.75,0.79
BE17B007,1.0,0.42
BE17B008,0.0,1.0
BE17B009,0.75,0.79
BE17B010,0.75,0.75
BE17B011,0.75,0.79
BE17B012,1.0,0.75
BE17B013,0.75,0.75
BE17B014,2.25,0.75
BE17B015,0.75,0.75
BE17B016,0.0,1.0
BE17B017,0.0,1.0
BE17B018,2.0,0.75
BE17B019,1.0,0.75
BE17B020,1.0,0.75
BE17B021,0.75,0.75
BE17B022,1.75,0.75
BE17B023,1.5,0.75
BE17B024,0.75,0.75
BE17B025,2.0,0.75
BE17B026,0.75,0.79
BE17B027,1.0,0.75
BE17B028,0.75,0.75
BE17B029,0.0,1.0
BE17B030,0.75,0.75
BE17B031,0.0,1.0
BE17B032,0.75,0.79
BE17B033,1.0,0.75
BE17B034,0.75,0.75
BE17B036,0.75,0.79
BE17B037,0.75,0.75
BE17B038,0.75,0.79
BS15B001,0.0,1.0
BS15B002,1.0,0.53
BS15B003,0.67,0.55
BS15B004,4.0,0.18
BS15B005,0.67,0.51
BS15B006,0.89,0.53
BS15B007,0.92,0.88
BS15B008,1.44,0.71
BS15B009,0.0,1.0
BS15B010,0.6,0.88
BS15B011,0.94,0.73
BS15B012,0.67,0.44
BS15B013,0.78,0.43
BS15B014,0.67,0.87
BS15B016,0.0,1.0
BS15B017,0.67,0.66
BS15B018,0.63,0.71
BS15B019,0.0,1.0
BS15B020,1.0,0.35
BS15B021,0.6,0.88
BS15B022,0.89,0.53
BS15B023,0.67,0.82
BS15B024,0.69,0.57
BS15B025,0.69,0.71
BS15B027,0.75,0.66
BS15B028,0.6,0.96
BS15B030,0.0,1.0
BS15B032,1.0,0.6
BS16B001,0.75,0.59
BS16B003,0.75,0.53
BS16B004,0.0,1.0
BS16B005,0.67,0.85
BS16B006,0.75,0.53
BS16B007,0.67,0.85
BS16B008,0.75,0.59
BS16B010,0.75,0.67
BS16B013,0.75,0.59
BS16B014,0.67,0.85
BS16B015,0.0,1.0
BS16B016,0.67,0.85
BS16B017,1.0,0.53
BS16B018,0.67,0.76
BS16B019,0.67,0.85
BS16B021,0.0,1.0
BS16B022,0.75,0.74
BS16B023,0.75,0.53
BS16B024,0.67,0.79
BS16B025,0.0,1.0
BS16B026,0.75,0.53
BS16B028,1.0,0.53
BS16B029,0.75,0.75
BS16B030,0.67,0.82
BS16B031,0.67,0.88
BS16B032,0.67,0.82
BS17B001,0.0,1.0
BS17B002,1.0,0.75
BS17B003,1.0,0.75
BS17B004,1.0,0.75
BS17B006,1.0,0.75
BS17B007,1.0,0.75
BS17B008,1.0,0.75
BS17B009,1.0,0.75
BS17B010,1.0,0.75
BS17B011,1.0,0.75
BS17B012,1.0,0.75
BS17B013,1.0,0.75
BS17B014,1.0,0.75
BS17B015,1.0,0.75
BS17B016,1.0,0.75
BS17B017,1.0,0.75
BS17B018,0.0,1.0
BS17B019,1.0,0.75
BS17B020,1.0,0.75
BS17B021,1.0,0.75
BS17B022,1.0,0.75
BS17B024,1.0,0.75
BS17B025,1.0,0.75
BS17B026,1.0,0.75
BS17B027,0.0,1.0
BS17B028,1.0,0.75
BS17B029,1.0,0.75
BS17B030,1.0,0.75
BS17B031,1.0,0.75
BS17B032,1.0,0.75
BS17B033,1.0,0.75
BS17B034,1.0,0.75
BS17B035,1.0,0.75
BS17B036,1.0,0.75
BS17B037,0.0,1.0
CE15B001,0.67,0.86
CE15B002,0.58,0.86
CE15B003,0.63,0.84
CE15B004,0.67,0.43
CE15B005,0.6,0.73
CE15B006,0.78,0.52
CE15B007,0.58,0.75
CE15B008,0.69,0.86
CE15B009,0.64,0.71
CE15B010,0.94,0.82
CE15B011,0.64,0.73
CE15B012,0.63,0.84
CE15B013,0.68,0.71
CE15B014,0.0,1.0
CE15B015,0.63,0.71
CE15B016,0.0,1.0
CE15B017,0.75,0.29
CE15B018,0.75,0.62
CE15B019,0.6,0.71
CE15B020,0.0,1.0
CE15B021,0.75,0.57
CE15B022,0.78,0.43
CE15B023,0.58,0.86
CE15B024,0.63,0.84
CE15B025,0.0,1.0
CE15B026,0.68,0.73
CE15B027,0.58,0.87
CE15B028,0.78,0.43
CE15B029,0.75,0.62
CE15B030,0.57,1.0
CE15B031,0.6,0.71
CE15B032,0.63,0.52
CE15B033,0.6,0.73
CE15B034,0.68,0.71
CE15B035,0.6,1.0
CE15B036,1.0,1.0
CE15B037,1.11,0.48
CE15B038,1.0,0.8
CE15B039,0.0,1.0
CE15B040,0.88,0.63
CE15B041,0.75,0.29
CE15B042,0.69,0.62
CE15B043,0.6,0.71
CE15B044,0.58,0.87
CE15B045,0.0,1.0
CE15B046,0.58,0.86
CE15B047,0.78,0.54
CE15B048,0.63,0.57
CE15B049,0.84,0.71
CE15B050,0.58,0.86
CE15B051,0.6,0.65
CE15B052,0.96,0.71
CE15B053,0.67,0.44
CE15B054,0.58,0.98
CE15B055,0.83,0.87
CE15B056,0.57,1.0
CE15B057,0.58,0.86
CE15B058,0.75,0.72
CE15B059,0.6,0.71
CE15B060,0.58,0.87
CE15B061,0.0,1.0
CE15B062,1.0,0.78
CE15B063,0.58,0.86
CE15B064,0.6,0.92
CE15B065,0.92,0.76
CE15B066,0.75,0.78
CE15B067,0.75,0.83
CE15B068,0.75,0.65
CE15B069,0.67,0.84
CE15B070,1.0,0.78
CE15B071,1.0,0.91
CE15B072,1.44,0.6
CE15B073,0.75,0.78
CE15B074,0.75,0.78
CE15B075,0.75,0.78
CE15B076,0.75,0.78
CE15B077,0.68,0.87
CE15B078,0.68,0.75
CE15B079,0.58,0.97
CE15B080,0.0,1.0
CE15B082,0.6,0.71
CE15B083,0.0,1.0
CE15B084,0.58,0.76
CE15B085,1.25,0.35
CE15B086,0.6,0.67
CE15B087,0.75,0.57
CE15B088,0.69,0.77
CE15B089,0.83,0.9
CE15B090,0.0,1.0
CE15B091,0.58,0.86
CE15B092,1.4,0.71
CE15B093,0.97,0.78
CE15B094,1.0,0.14
CE15B095,1.06,0.57
CE15B096,1.78,0.44
CE15B097,0.0,1.0
CE15B099,0.69,0.87
CE15B100,1.56,0.6
CE15B101,0.75,0.78
CE15B102,0.86,1.0
CE15B103,1.28,0.86
CE15B104,0.75,0.67
CE15B105,0.75,0.63
CE16B001,1.0,0.75
CE16B002,0.0,1.0
CE16B003,1.0,1.0
CE16B005,1.0,0.75
CE16B006,2.0,0.75
CE16B007,1.0,0.75
CE16B008,0.0,1.0
CE16B009,0.0,1.0
CE16B010,1.0,0.75
CE16B011,0.75,0.86
CE16B012,1.0,0.75
CE16B013,0.75,1.0
CE16B014,1.0,0.75
CE16B015,1.0,0.75
CE16B016,0.75,1.0
CE16B017,1.0,0.75
CE16B018,1.0,0.75
CE16B019,0.0,0.0
CE16B020,1.0,0.75
CE16B021,0.0,0.0
CE16B022,0.0,0.0
CE16B023,2.0,0.43
CE16B024,1.0,0.75
CE16B025,0.75,0.86
CE16B026,1.0,0.75
CE16B027,0.0,1.0
CE16B028,0.0,0.0
CE16B030,5.0,0.75
CE16B031,1.0,0.41
CE16B032,0.75,0.86
CE16B033,1.0,0.75
CE16B034,0.0,0.0
CE16B035,0.0,1.0
CE16B036,0.75,0.86
CE16B037,1.0,0.75
CE16B038,0.0,1.0
CE16B039,0.75,0.86
CE16B040,1.0,0.75
CE16B041,2.0,0.75
CE16B042,1.0,0.75
CE16B043,1.0,0.75
CE16B044,0.75,0.72
CE16B045,2.0,0.75
CE16B046,1.25,0.86
CE16B047,1.0,0.75
CE16B048,1.0,0.75
CE16B049,1.0,0.75
CE16B050,1.0,0.75
CE16B051,1.0,0.75
CE16B052,1.0,0.75
CE16B053,1.0,0.86
CE16B054,1.0,0.43
CE16B055,1.0,0.75
CE16B056,0.0,1.0
CE16B057,0.0,1.0
CE16B058,1.0,0.75
CE16B059,1.0,0.75
CE16B060,2.0,0.43
CE16B061,1.0,0.75
CE16B062,4.0,0.43
CE16B063,0.0,1.0
CE16B064,1.0,0.75
CE16B065,1.0,1.0
CE16B101,0.0,1.0
CE16B102,0.0,1.0
CE16B103,1.0,0.75
CE16B104,1.0,0.75
CE16B105,0.75,0.86
CE16B106,0.0,1.0
CE16B107,0.0,0.0
CE16B108,1.0,0.75
CE16B109,0.0,0.0
CE16B110,1.0,0.75
CE16B111,0.0,1.0
CE16B112,0.0,1.0
CE16B113,0.75,0.86
CE16B114,1.0,0.43
CE16B115,1.0,0.75
CE16B116,1.0,0.75
CE16B117,1.0,0.75
CE16B118,1.0,0.75
CE16B119,1.0,0.75
CE16B120,1.0,0.75
CE16B121,1.0,0.75
CE16B122,0.0,1.0
CE16B123,2.0,0.75
CE16B124,0.0,1.0
CE16B125,1.0,0.75
CE16B126,0.0,0.0
CE16B127,0.75,0.86
CE16B128,1.0,0.75
CE16B129,0.0,0.0
CE16B130,1.0,0.82
CE16B131,1.0,0.75
CE16B132,0.0,1.0
CE16B133,0.0,1.0
CE16B134,1.0,0.75
CE16B135,0.0,0.0
CE16B136,1.0,0.75
CE16B137,0.0,0.0
CE17B001,1.0,0.41
CE17B002,1.0,0.41
CE17B003,1.0,0.41
CE17B004,2.25,0.82
CE17B005,1.0,0.9
CE17B006,2.0,0.82
CE17B007,1.0,0.41
CE17B008,1.0,0.41
CE17B009,1.0,0.41
CE17B010,3.0,0.41
CE17B011,1.0,0.41
CE17B012,1.0,0.82
CE17B013,0.75,0.82
CE17B014,1.0,0.41
CE17B015,1.0,0.14
CE17B016,0.75,0.82
CE17B017,1.0,0.14
CE17B018,1.0,0.41
CE17B019,3.0,0.41
CE17B020,1.0,0.41
CE17B021,1.0,0.41
CE17B022,1.0,0.41
CE17B023,1.0,0.41
CE17B024,0.75,0.82
CE17B025,1.0,0.41
CE17B026,1.0,0.41
CE17B027,1.0,0.14
CE17B028,1.0,0.41
CE17B029,2.0,0.82
CE17B030,0.0,1.0
CE17B031,0.75,0.82
CE17B032,0.75,0.82
CE17B033,0.75,0.82
CE17B034,0.0,1.0
CE17B035,0.75,0.82
CE17B036,3.0,0.41
CE17B037,1.0,0.41
CE17B038,0.0,1.0
CE17B039,1.0,0.41
CE17B040,1.0,0.41
CE17B041,1.25,0.82
CE17B042,0.75,0.82
CE17B043,1.0,0.41
CE17B044,1.0,0.41
CE17B045,0.75,0.82
CE17B046,3.0,0.41
CE17B047,0.0,1.0
CE17B048,0.0,0.0
CE17B049,0.75,0.82
CE17B050,0.75,0.82
CE17B051,1.0,0.41
CE17B052,0.0,1.0
CE17B053,0.0,1.0
CE17B054,0.75,0.82
CE17B055,1.0,0.41
CE17B056,0.75,0.82
CE17B057,0.75,0.82
CE17B058,0.75,0.78
CE17B059,1.0,0.82
CE17B060,0.0,1.0
CE17B061,1.0,0.41
CE17B062,0.0,1.0
CE17B063,1.25,0.82
CE17B101,0.75,0.82
CE17B102,1.0,0.41
CE17B103,0.75,0.82
CE17B104,1.0,0.41
CE17B105,1.0,0.41
CE17B106,0.75,0.82
CE17B107,1.0,0.41
CE17B108,0.75,0.82
CE17B109,1.0,0.39
CE17B110,1.0,0.41
CE17B111,1.75,0.82
CE17B112,0.75,0.82
CE17B113,2.5,0.82
CE17B114,1.0,0.41
CE17B115,1.0,0.41
CE17B116,0.75,0.82
CE17B117,1.0,0.41
CE17B118,1.0,0.41
CE17B119,1.0,0.82
CE17B120,0.75,0.82
CE17B121,0.75,0.82
CE17B122,0.75,0.82
CE17B123,0.75,0.82
CE17B124,0.75,0.82
CE17B125,1.0,0.41
CE17B126,0.75,0.82
CE17B127,1.0,0.82
CE17B128,1.0,0.41
CE17B129,0.0,1.0
CE17B130,0.0,1.0
CE17B131,4.0,0.41
CE17B132,1.0,0.41
CE17B133,0.0,1.0
CE17B134,0.75,0.82
CE17B135,0.75,0.82
CH15B001,0.78,0.71
CH15B002,1.0,0.71
CH15B003,0.75,0.95
CH15B004,1.25,0.47
CH15B005,0.67,0.96
CH15B006,1.0,0.62
CH15B007,1.11,0.71
CH15B008,1.25,0.47
CH15B009,1.78,0.71
CH15B010,1.0,0.71
CH15B011,1.5,0.47
CH15B012,0.75,0.47
CH15B013,0.75,0.47
CH15B014,1.0,0.45
CH15B015,0.0,1.0
CH15B016,1.0,0.62
CH15B017,0.67,0.71
CH15B018,0.67,0.71
CH15B019,1.11,0.71
CH15B020,0.0,1.0
CH15B021,0.6,0.96
CH15B022,1.0,0.74
CH15B023,0.0,1.0
CH15B024,0.67,0.74
CH15B025,1.11,0.74
CH15B026,1.11,0.71
CH15B027,0.67,0.71
CH15B028,0.67,0.71
CH15B029,1.11,0.79
CH15B030,0.78,0.71
CH15B031,0.75,0.95
CH15B032,0.0,1.0
CH15B033,1.25,0.47
CH15B034,0.67,0.71
CH15B035,0.78,0.79
CH15B036,0.67,0.74
CH15B037,0.67,0.96
CH15B038,1.11,0.79
CH15B039,0.78,0.71
CH15B040,0.67,0.93
CH15B041,0.69,0.95
CH15B042,0.88,0.95
CH15B043,1.0,0.71
CH15B044,0.75,0.63
CH15B045,0.75,0.47
CH15B046,0.0,1.0
CH15B047,1.19,0.95
CH15B048,0.67,0.71
CH15B049,0.67,0.74
CH15B050,1.33,0.71
CH15B051,0.89,0.74
CH15B052,0.63,0.95
CH15B053,0.67,0.93
CH15B054,1.75,0.47
CH15B055,0.89,0.71
CH15B056,0.67,0.74
CH15B057,0.67,0.71
CH15B058,2.0,0.38
CH15B059,0.75,0.62
CH15B060,0.67,0.71
CH15B061,0.89,0.82
CH15B062,0.63,0.95
CH15B063,0.67,0.71
CH15B064,1.25,0.47
CH15B065,0.67,0.71
CH15B066,0.75,0.47
CH15B067,1.0,0.62
CH15B068,0.0,1.0
CH15B069,0.89,0.71
CH15B070,0.89,0.71
CH15B071,0.89,0.71
CH15B072,0.0,1.0
CH15B073,0.67,0.71
CH15B074,0.67,0.71
CH15B075,0.67,0.96
CH15B076,0.67,0.96
CH15B077,0.78,0.71
CH15B078,1.06,0.95
CH15B079,0.89,0.71
CH15B080,0.0,1.0
CH15B081,1.0,0.79
CH15B082,0.75,0.47
CH15B083,0.89,0.71
CH15B084,0.67,0.96
CH15B086,1.0,0.71
CH15B087,0.63,0.95
CH15B088,1.0,0.24
CH15B089,0.0,1.0
CH15B090,0.0,1.0
CH15B091,0.0,1.0
CH15B092,0.0,1.0
CH15B093,1.11,0.56
CH15B094,1.0,0.9
CH15B095,0.89,0.71
CH15B096,0.0,1.0
CH15B097,1.11,0.79
CH16B001,0.75,0.29
CH16B002,0.75,0.75
CH16B003,0.0,1.0
CH16B004,0.75,0.83
CH16B005,3.0,0.38
CH16B006,0.0,1.0
CH16B007,1.0,0.75
CH16B008,2.0,0.64
CH16B009,0.75,0.55
CH16B010,0.75,0.55
CH16B011,2.0,0.64
CH16B012,0.75,0.55
CH16B013,1.25,0.55
CH16B014,1.75,0.55
CH16B015,1.0,0.27
CH16B016,1.0,0.27
CH16B017,0.67,1.0
CH16B018,0.75,0.29
CH16B019,1.0,0.38
CH16B020,0.75,0.75
CH16B021,0.75,0.75
CH16B022,3.0,0.27
CH16B023,0.75,0.55
CH16B024,0.0,0.0
CH16B025,1.0,0.36
CH16B026,0.75,0.63
CH16B027,0.75,0.75
CH16B028,0.75,0.55
CH16B029,1.0,0.75
CH16B030,0.78,0.82
CH16B031,0.75,0.55
CH16B032,1.0,0.75
CH16B033,0.75,0.75
CH16B034,0.0,1.0
CH16B035,1.0,0.75
CH16B036,0.0,0.0
CH16B037,1.0,0.83
CH16B038,0.75,0.32
CH16B039,1.75,0.29
CH16B040,1.0,0.38
CH16B041,0.75,0.75
CH16B042,1.0,0.14
CH16B043,0.67,0.82
CH16B044,1.0,0.38
CH16B045,0.67,0.94
CH16B046,1.0,0.27
CH16B047,2.0,0.55
CH16B048,0.75,0.55
CH16B049,0.75,0.75
CH16B050,0.78,0.88
CH16B051,1.0,0.64
CH16B052,0.75,0.75
CH16B053,0.75,0.75
CH16B054,3.0,0.27
CH16B055,0.75,0.55
CH16B056,0.75,0.88
CH16B057,0.75,0.88
CH16B058,1.0,0.46
CH16B059,1.0,0.46
CH16B060,1.0,0.14
CH16B061,3.0,0.27
CH16B062,0.75,0.55
CH16B063,1.0,0.38
CH16B064,0.75,0.75
CH16B065,0.75,0.55
CH16B066,1.0,0.55
CH16B067,0.75,0.75
CH16B068,1.0,0.64
CH16B069,1.25,0.88
CH16B070,0.0,0.0
CH16B071,0.0,1.0
CH16B072,1.0,0.27
CH16B101,0.75,0.55
CH16B102,1.0,0.64
CH16B103,0.67,0.82
CH16B104,2.0,0.38
CH16B105,3.0,0.38
CH16B106,0.67,0.82
CH16B107,0.0,1.0
CH16B108,0.0,1.0
CH16B109,0.67,0.82
CH16B110,1.75,0.55
CH16B111,6.0,0.27
CH16B112,0.75,0.75
CH16B113,0.75,0.83
CH16B114,0.75,0.88
CH16B115,0.67,0.82
CH16B116,1.0,0.38
CH16B117,0.67,0.82
CH16B118,0.0,0.0
CH16B119,0.75,0.75
CH17B001,0.0,1.0
CH17B002,1.0,0.64
CH17B003,0.75,0.64
CH17B004,0.75,0.64
CH17B005,1.0,0.32
CH17B006,0.75,0.64
CH17B007,0.75,0.64
CH17B008,0.75,0.64
CH17B009,1.0,0.32
CH17B010,0.75,0.64
CH17B011,0.0,1.0
CH17B012,1.0,0.64
CH17B013,1.0,0.64
CH17B014,1.0,0.64
CH17B015,0.75,0.64
CH17B016,0.75,0.64
CH17B017,0.75,0.64
CH17B018,0.75,0.64
CH17B019,0.75,0.64
CH17B020,1.0,0.32
CH17B021,1.0,0.32
CH17B022,1.0,0.64
CH17B023,1.0,0.64
CH17B024,1.0,0.64
CH17B025,1.0,0.64
CH17B026,0.75,0.95
CH17B027,1.0,0.64
CH17B028,0.75,0.64
CH17B029,0.75,0.64
CH17B030,0.75,0.64
CH17B031,0.75,0.64
CH17B032,0.75,0.64
CH17B033,1.0,0.64
CH17B034,0.75,0.95
CH17B035,0.75,0.64
CH17B036,1.0,0.32
CH17B037,1.0,0.32
CH17B038,1.0,0.64
CH17B039,1.0,0.64
CH17B040,0.67,0.96
CH17B041,1.0,0.32
CH17B042,0.75,0.64
CH17B043,0.75,0.64
CH17B044,0.0,1.0
CH17B045,0.75,0.64
CH17B046,0.75,0.64
CH17B047,0.75,0.64
CH17B048,1.0,0.64
CH17B049,1.0,0.64
CH17B050,1.0,0.32
CH17B051,1.0,0.32
CH17B052,0.75,0.64
CH17B053,0.75,0.64
CH17B054,1.0,0.29
CH17B055,1.0,0.29
CH17B056,1.0,0.47
CH17B057,0.75,0.64
CH17B058,0.75,0.64
CH17B059,0.75,0.95
CH17B060,0.75,0.64
CH17B061,0.75,0.64
CH17B062,0.75,0.95
CH17B063,0.75,0.64
CH17B064,1.0,0.64
CH17B065,0.75,0.64
CH17B066,1.25,0.64
CH17B067,1.0,0.64
CH17B068,0.0,1.0
CH17B069,0.75,0.64
CH17B070,0.75,0.95
CH17B071,1.0,0.64
CH17B072,0.75,0.95
CH17B073,0.75,0.64
CH17B074,1.0,0.64
CH17B075,0.0,1.0
CH17B076,1.0,0.5
CH17B077,1.0,0.95
CH17B078,0.75,0.64
CH17B101,0.75,0.64
CH17B102,1.0,0.32
CH17B103,0.75,0.64
CH17B104,0.75,0.64
CH17B105,1.0,0.47
CH17B106,1.0,0.5
CH17B107,0.0,1.0
CH17B108,7.0,0.47
CH17B109,1.25,0.64
CH17B110,0.75,0.64
CH17B111,0.75,0.64
CH17B112,1.0,0.32
CH17B113,1.0,0.64
CH17B114,0.0,1.0
CH17B115,0.75,0.64
CH17B116,1.0,0.64
CH17B117,0.0,1.0
CH17B118,0.75,0.64
CH17B119,0.75,0.72
CH17B120,0.75,0.64
CS15B001,0.6,0.9
CS15B002,1.06,0.67
CS15B003,0.6,0.95
CS15B004,0.64,0.81
CS15B005,0.96,0.86
CS15B006,2.04,0.9
CS15B007,1.12,0.86
CS15B008,0.84,0.9
CS15B009,0.92,0.86
CS15B010,0.64,1.0
CS15B011,1.48,1.0
CS15B012,0.72,0.81
CS15B013,0.84,0.81
CS15B014,1.44,0.75
CS15B015,0.89,0.93
CS15B016,1.16,0.86
CS15B017,0.0,1.0
CS15B018,0.63,0.76
CS15B019,0.67,0.79
CS15B020,1.52,0.9
CS15B021,0.0,1.0
CS15B022,0.88,0.9
CS15B023,0.6,0.86
CS15B024,0.68,0.89
CS15B025,0.72,0.81
CS15B026,1.0,0.32
CS15B027,0.64,0.97
CS15B028,0.78,0.97
CS15B029,0.89,0.95
CS15B030,0.6,0.9
CS15B031,0.8,0.9
CS15B032,0.72,0.95
CS15B033,0.68,0.9
CS15B034,0.63,0.67
CS15B035,0.72,0.95
CS15B036,0.72,0.86
CS15B037,0.6,0.95
CS15B038,1.0,0.83
CS15B039,0.68,0.79
CS15B040,1.32,0.81
CS15B041,0.89,0.71
CS15B042,1.69,0.76
CS15B043,0.84,0.86
CS15B044,0.6,0.89
CS15B045,0.0,1.0
CS15B046,0.88,0.67
CS15B047,0.64,0.94
CS15B048,0.6,0.83
CS15B049,0.67,0.85
CS15B050,0.68,0.9
CS15B051,0.6,0.9
CS15B052,0.64,0.79
CS15B053,0.68,0.86
CS15B054,0.78,0.85
CS15B055,0.67,0.9
CS15B056,0.8,0.86
CS15B057,0.81,0.92
CS15B058,0.75,0.88
CS15B059,0.6,0.9
CS15B060,0.88,0.86
CS15B061,0.6,0.79
CS16B001,1.0,0.88
CS16B002,0.75,0.88
CS16B003,1.0,0.86
CS16B004,0.75,0.88
CS16B005,0.75,0.88
CS16B006,1.0,0.63
CS16B007,1.0,0.63
CS16B008,0.75,0.88
CS16B009,1.0,0.88
CS16B010,0.75,0.88
CS16B011,0.75,1.0
CS16B012,0.75,0.88
CS16B013,0.75,0.88
CS16B014,0.0,1.0
CS16B015,1.0,0.86
CS16B016,1.0,0.63
CS16B017,1.0,0.88
CS16B018,1.0,0.5
CS16B019,2.0,0.5
CS16B020,0.75,0.88
CS16B021,1.0,0.63
CS16B022,1.0,0.63
CS16B023,0.75,0.75
CS16B024,0.75,1.0
CS16B025,1.0,0.5
CS16B026,0.75,0.88
CS16B027,0.0,1.0
CS16B028,0.75,0.88
CS16B029,0.75,1.0
CS16B030,0.75,1.0
CS16B031,1.0,0.88
CS16B032,0.75,1.0
CS16B033,1.0,1.0
CS16B034,2.0,0.5
CS16B035,1.0,0.5
CS16B036,0.75,0.88
CS16B037,0.0,1.0
CS16B038,1.0,0.63
CS16B039,0.75,0.88
CS16B040,0.0,1.0
CS16B041,0.0,1.0
CS16B042,1.0,0.8
CS16B043,1.0,0.63
CS16B044,0.75,1.0
CS16B045,1.0,0.63
CS16B046,0.75,1.0
CS16B047,1.0,0.63
CS16B101,1.0,0.5
CS16B102,0.89,0.92
CS16B103,1.0,0.86
CS16B104,0.0,1.0
CS16B105,2.0,0.5
CS16B106,0.75,1.0
CS16B107,1.0,0.63
CS16B108,1.0,0.63
CS16B109,0.75,1.0
CS16B110,1.0,0.63
CS16B111,1.0,0.24
CS16B112,0.75,1.0
CS16B113,1.0,0.63
CS16B114,0.75,0.88
CS16B115,1.25,1.0
CS17B001,1.0,0.72
CS17B002,1.25,0.72
CS17B003,0.75,0.72
CS17B004,1.0,0.72
CS17B005,1.0,0.72
CS17B006,0.75,0.72
CS17B007,1.0,0.36
CS17B008,1.0,0.72
CS17B009,1.0,0.72
CS17B010,1.0,0.72
CS17B011,1.0,0.72
CS17B012,1.0,0.72
CS17B013,1.0,0.72
CS17B014,1.0,0.72
CS17B015,1.0,0.72
CS17B016,1.0,0.72
CS17B017,1.0,0.72
CS17B018,1.25,0.72
CS17B019,0.75,0.72
CS17B020,0.75,0.72
CS17B021,1.0,0.72
CS17B022,1.25,0.72
CS17B023,0.75,0.72
CS17B024,1.0,0.72
CS17B025,1.0,0.72
CS17B026,1.0,0.36
CS17B027,1.0,0.36
CS17B028,0.75,0.72
CS17B029,0.75,0.72
CS17B030,1.0,0.84
CS17B031,1.0,0.84
CS17B033,1.25,0.72
CS17B034,1.0,0.72
CS17B035,1.0,0.72
CS17B036,1.0,0.72
CS17B037,0.75,0.76
CS17B038,1.5,0.72
CS17B039,0.75,0.72
CS17B040,1.0,0.36
CS17B041,1.0,0.84
CS17B042,1.0,0.72
CS17B044,1.0,0.72
CS17B045,1.0,0.56
CS17B046,0.75,0.84
CS17B047,0.75,0.72
CS17B048,0.75,0.72
CS17B049,0.75,0.72
CS17B101,1.0,0.72
CS17B102,1.0,0.72
CS17B103,0.75,0.72
CS17B104,1.0,0.72
CS17B105,1.0,0.36
CS17B106,0.75,0.72
CS17B107,1.25,0.76
CS17B108,0.75,0.72
CS17B109,1.0,0.72
CS17B110,0.75,0.72
CS17B111,1.0,0.36
CS17B112,1.0,0.36
CS17B113,0.75,0.72
CS17B114,0.75,0.72
CS17B115,2.0,0.72
CS17B116,1.0,0.6
ED15B001,0.63,0.67
ED15B003,0.0,1.0
ED15B004,1.5,0.5
ED15B005,0.0,1.0
ED15B006,0.69,0.96
ED15B007,0.63,0.82
ED15B008,0.63,0.67
ED15B009,0.67,0.64
ED15B010,0.81,0.88
ED15B011,0.63,0.86
ED15B012,0.67,0.52
ED15B013,1.0,0.95
ED15B014,0.67,0.77
ED15B015,0.69,0.86
ED15B016,0.75,0.67
ED15B017,0.88,0.57
ED15B018,0.63,0.5
ED15B019,0.63,0.8
ED15B020,0.63,0.8
ED15B021,0.63,0.82
ED15B022,0.88,0.8
ED15B023,1.5,0.49
ED15B024,1.22,0.72
ED15B025,2.0,0.35
ED15B026,0.75,0.8
ED15B027,0.67,0.71
ED15B028,0.75,0.43
ED15B029,1.33,0.57
ED15B030,0.75,0.67
ED15B031,0.67,0.62
ED15B032,0.75,0.59
ED15B033,0.67,1.0
ED15B034,0.67,0.69
ED15B035,1.11,0.71
ED15B036,0.63,0.87
ED15B037,0.67,0.5
ED15B038,0.0,0.0
ED15B039,0.67,0.64
ED15B040,0.94,0.88
ED15B041,0.75,0.8
ED15B042,0.88,0.8
ED15B043,0.63,0.86
ED15B044,0.81,0.88
ED15B045,0.0,0.0
ED15B046,1.0,0.77
ED15B047,0.75,0.8
ED15B048,0.67,0.82
ED15B050,0.63,0.71
ED15B051,0.94,0.93
ED15B052,1.11,0.71
ED15B053,0.81,0.88
ED15B054,0.0,1.0
ED15B055,1.0,0.67
ED15B056,1.11,0.64
ED16B001,1.0,0.64
ED16B002,2.0,0.82
ED16B003,1.0,0.82
ED16B004,0.0,0.0
ED16B005,2.0,0.64
ED16B006,1.0,0.64
ED16B007,0.0,0.0
ED16B008,0.75,0.93
ED16B009,0.0,0.0
ED16B010,1.0,0.82
ED16B011,0.75,0.29
ED16B012,1.0,0.64
ED16B013,1.0,0.82
ED16B014,1.0,0.64
ED16B015,1.0,0.45
ED16B016,2.0,0.64
ED16B017,1.0,0.64
ED16B018,1.0,0.82
ED16B019,1.0,0.64
ED16B020,0.67,0.43
ED16B021,0.0,1.0
ED16B022,0.0,0.0
ED16B023,1.0,0.64
ED16B024,3.0,0.64
ED16B025,2.0,0.64
ED16B026,1.0,0.64
ED16B027,0.0,1.0
ED16B028,1.0,0.82
ED16B029,1.0,0.64
ED16B030,1.0,0.64
ED16B031,2.0,0.39
ED16B032,0.75,0.78
ED16B033,0.0,0.0
ED16B034,1.0,0.64
ED16B035,1.0,0.64
ED16B036,1.0,0.82
ED16B037,0.0,1.0
ED16B038,0.0,1.0
ED16B039,1.0,0.64
ED16B040,0.0,0.0
ED16B041,0.0,1.0
ED16B042,2.0,0.82
ED16B043,1.0,0.82
ED16B044,0.0,1.0
ED16B045,0.0,1.0
ED16B046,1.0,0.82
ED16B048,1.0,0.82
ED16B049,1.0,0.82
ED16B050,1.0,0.64
ED16B051,1.0,0.82
ED16B052,0.0,0.0
ED16B054,1.0,0.82
ED16B055,0.0,1.0
ED16B056,1.0,0.64
ED16B057,1.0,0.82
ED16B058,0.75,0.78
ED16B059,2.0,0.64
ED17B001,0.0,1.0
ED17B002,0.0,1.0
ED17B003,0.0,1.0
ED17B004,0.0,1.0
ED17B005,0.0,1.0
ED17B006,0.0,1.0
ED17B007,0.0,1.0
ED17B008,0.0,1.0
ED17B009,0.0,1.0
ED17B010,0.0,1.0
ED17B011,0.0,1.0
ED17B012,0.0,1.0
ED17B013,0.0,1.0
ED17B014,0.0,1.0
ED17B015,0.0,1.0
ED17B016,0.0,1.0
ED17B017,0.0,1.0
ED17B018,0.0,1.0
ED17B019,0.0,1.0
ED17B020,0.0,1.0
ED17B021,0.0,1.0
ED17B022,0.0,1.0
ED17B023,0.0,1.0
ED17B024,0.0,1.0
ED17B025,0.0,1.0
ED17B026,0.0,1.0
ED17B027,0.0,1.0
ED17B028,0.0,1.0
ED17B029,0.0,1.0
ED17B030,0.0,1.0
ED17B031,0.0,1.0
ED17B032,0.0,1.0
ED17B033,0.0,1.0
ED17B034,0.0,1.0
ED17B035,0.0,1.0
ED17B036,0.0,1.0
ED17B037,0.0,1.0
ED17B038,0.0,1.0
ED17B039,0.0,1.0
ED17B040,0.0,1.0
ED17B041,0.0,1.0
ED17B042,0.0,1.0
ED17B043,0.0,1.0
ED17B044,0.0,1.0
ED17B045,0.0,1.0
ED17B046,0.0,1.0
ED17B047,0.0,1.0
ED17B048,0.0,1.0
ED17B049,0.0,1.0
ED17B050,0.0,1.0
ED17B051,0.0,1.0
ED17B052,0.0,1.0
ED17B053,0.0,1.0
ED17B054,0.0,1.0
ED17B055,0.0,1.0
ED17B056,0.0,1.0
ED17B057,0.0,1.0
EE15B001,0.63,0.73
EE15B002,0.63,0.68
EE15B003,1.0,0.44
EE15B004,0.88,0.71
EE15B005,0.92,0.78
EE15B006,0.67,0.54
EE15B007,0.81,0.68
EE15B008,0.81,0.63
EE15B009,0.81,0.59
EE15B010,0.63,0.63
EE15B011,0.63,0.64
EE15B012,0.92,0.94
EE15B013,0.0,1.0
EE15B014,0.67,0.63
EE15B015,0.6,0.79
EE15B016,1.12,0.83
EE15B017,0.75,0.59
EE15B018,0.67,0.54
EE15B019,0.75,0.37
EE15B020,0.72,0.83
EE15B021,0.69,0.63
EE15B022,0.96,0.78
EE15B023,0.0,1.0
EE15B024,1.0,0.38
EE15B025,0.75,0.57
EE15B026,1.56,0.43
EE15B027,0.64,0.87
EE15B028,1.0,0.68
EE15B029,0.6,0.78
EE15B030,0.84,0.83
EE15B031,0.8,0.78
EE15B032,1.11,0.49
EE15B033,1.67,0.43
EE15B034,1.14,0.9
EE15B035,0.63,0.67
EE15B036,0.94,0.63
EE15B037,0.81,0.57
EE15B038,0.64,0.79
EE15B039,1.0,0.49
EE15B040,0.67,0.43
EE15B041,0.63,0.73
EE15B042,0.75,0.68
EE15B043,0.64,0.98
EE15B044,0.76,0.86
EE15B045,0.69,0.95
EE15B046,1.22,0.9
EE15B047,0.75,0.31
EE15B048,0.69,0.63
EE15B049,0.84,0.83
EE15B050,1.2,0.76
EE15B051,0.6,0.84
EE15B052,1.22,0.52
EE15B053,0.6,0.83
EE15B054,0.81,0.68
EE15B055,1.22,0.52
EE15B056,0.68,0.86
EE15B057,0.6,0.87
EE15B058,0.69,0.62
EE15B059,0.92,0.79
EE15B060,1.11,0.49
EE15B062,0.69,0.52
EE15B063,0.64,0.75
EE15B064,0.75,0.63
EE15B065,0.63,0.78
EE15B066,1.25,0.3
EE15B067,0.69,0.98
EE15B068,0.63,0.69
EE15B069,0.72,0.93
EE15B070,0.72,0.97
EE15B071,0.0,1.0
EE15B072,0.64,0.78
EE15B073,0.67,0.54
EE15B074,0.75,0.6
EE15B075,0.75,0.67
EE15B076,0.75,0.65
EE15B077,0.88,0.57
EE15B078,0.63,0.63
EE15B079,0.92,0.87
EE15B080,0.58,0.98
EE15B081,1.0,0.65
EE15B082,0.61,0.97
EE15B083,0.68,0.83
EE15B084,0.88,0.83
EE15B085,1.25,0.39
EE15B086,1.44,0.52
EE15B087,0.68,0.76
EE15B088,0.88,0.62
EE15B089,0.58,1.0
EE15B090,0.75,0.7
EE15B091,0.0,1.0
EE15B092,0.81,0.63
EE15B093,0.72,0.84
EE15B094,0.69,0.76
EE15B095,0.69,0.69
EE15B096,0.88,0.84
EE15B097,0.84,0.84
EE15B098,3.0,0.33
EE15B099,0.75,0.63
EE15B100,0.76,0.79
EE15B101,0.78,0.4
EE15B102,0.72,0.94
EE15B103,0.76,0.79
EE15B104,0.6,0.89
EE15B105,1.0,0.62
EE15B106,0.69,0.67
EE15B107,0.94,0.61
EE15B108,0.75,0.68
EE15B109,0.78,0.67
EE15B110,0.6,0.87
EE15B111,1.11,0.46
EE15B112,0.67,0.49
EE15B113,0.94,0.67
EE15B114,1.06,0.63
EE15B115,1.22,0.46
EE15B116,1.56,0.38
EE15B117,1.0,0.6
EE15B118,1.0,0.27
EE15B119,1.11,0.44
EE15B120,0.69,0.65
EE15B121,0.0,1.0
EE15B122,1.25,0.33
EE15B123,0.78,0.38
EE15B124,1.0,0.52
EE15B125,1.22,0.9
EE15B126,1.11,0.49
EE15B127,0.68,0.68
EE15B128,1.5,0.33
EE15B129,1.25,0.29
EE15B130,1.22,0.52
EE15B131,0.89,0.38
EE15B132,0.6,0.86
EE15B133,0.89,0.67
EE15B134,0.96,0.87
EE16B001,0.89,0.66
EE16B002,1.0,0.43
EE16B003,0.0,1.0
EE16B004,0.78,0.64
EE16B005,0.67,0.83
EE16B006,0.67,0.68
EE16B007,1.0,0.63
EE16B008,0.67,0.89
EE16B009,0.67,0.83
EE16B010,0.67,0.91
EE16B011,0.0,1.0
EE16B012,0.67,0.86
EE16B013,0.67,0.83
EE16B014,0.67,0.91
EE16B015,0.78,0.71
EE16B016,0.75,0.63
EE16B017,0.67,0.83
EE16B018,0.67,0.86
EE16B019,0.75,0.57
EE16B020,0.67,0.83
EE16B021,0.67,0.66
EE16B022,0.75,0.57
EE16B023,1.0,0.57
EE16B024,1.25,0.54
EE16B025,0.89,0.73
EE16B026,0.67,0.66
EE16B027,0.67,0.66
EE16B028,0.75,0.54
EE16B029,0.67,0.91
EE16B030,0.75,0.57
EE16B031,1.0,0.48
EE16B032,0.67,0.66
EE16B033,0.75,0.6
EE16B034,0.63,0.89
EE16B035,0.78,0.83
EE16B036,0.63,0.93
EE16B037,0.78,0.83
EE16B038,0.75,0.79
EE16B039,0.67,0.7
EE16B040,0.75,0.48
EE16B041,0.78,0.66
EE16B042,1.0,0.27
EE16B043,0.67,0.86
EE16B044,1.0,0.45
EE16B045,0.67,0.86
EE16B046,0.67,0.7
EE16B047,0.67,0.89
EE16B048,0.67,0.83
EE16B049,0.75,0.6
EE16B050,0.78,0.8
EE16B051,0.67,0.89
EE16B052,1.0,0.36
EE16B053,0.67,0.89
EE16B054,0.67,0.86
EE16B055,0.75,1.0
EE16B056,0.75,0.63
EE16B057,0.67,0.86
EE16B058,0.75,0.43
EE16B059,0.67,0.89
EE16B060,1.11,0.77
EE16B061,1.5,0.41
EE16B062,0.67,0.83
EE16B063,0.78,0.64
EE16B064,1.75,0.41
EE16B065,1.19,0.95
EE16B066,1.0,0.84
EE16B067,0.67,0.86
EE16B068,0.63,0.93
EE16B069,1.0,0.84
EE16B070,0.67,0.7
EE16B071,1.11,0.91
EE16B073,1.22,0.64
EE16B101,0.75,0.72
EE16B102,0.67,0.83
EE16B103,0.67,0.8
EE16B104,1.25,0.45
EE16B105,1.25,0.5
EE16B106,0.75,0.5
EE16B107,0.89,0.77
EE16B108,0.67,0.83
EE16B109,0.89,0.77
EE16B110,0.0,1.0
EE16B111,0.75,0.54
EE16B112,1.0,0.45
EE16B113,0.0,1.0
EE16B114,2.0,0.29
EE16B115,1.0,0.42
EE16B116,0.67,0.83
EE16B117,2.0,0.2
EE16B118,1.25,0.57
EE16B120,1.0,0.55
EE16B121,2.0,0.23
EE16B122,1.25,0.63
EE16B123,0.67,0.83
EE16B124,0.78,0.8
EE16B125,1.25,0.54
EE16B126,1.25,0.63
EE16B127,0.67,0.64
EE16B128,0.67,0.8
EE16B129,0.67,0.7
EE16B130,0.75,0.54
EE16B131,0.75,0.63
EE16B132,2.0,0.7
EE16B133,1.0,0.54
EE16B134,1.0,0.83
EE16B135,0.75,0.92
EE16B136,1.0,0.5
EE16B137,0.67,0.8
EE16B138,1.0,0.35
EE16B139,0.75,0.79
EE16B140,1.11,0.66
EE16B141,1.25,0.63
EE16B142,0.67,0.86
EE16B143,1.44,0.73
EE16B144,0.75,0.5
EE16B145,0.63,0.91
EE16B146,1.0,0.2
EE16B147,0.89,0.75
EE16B148,0.67,0.89
EE16B149,0.67,0.66
EE16B150,1.25,0.57
EE16B151,0.67,0.89
EE16B152,0.75,0.57
EE16B153,0.75,0.63
EE16B154,1.0,0.83
EE16B155,0.0,1.0
EE16B156,1.25,0.63
EE16B157,0.67,0.83
EE16B158,1.0,0.86
EE16B159,0.75,0.54
EE16B160,1.25,0.57
EE17B001,1.25,0.6
EE17B002,1.25,0.63
EE17B003,1.0,0.6
EE17B004,0.75,0.6
EE17B005,1.25,0.6
EE17B006,1.0,0.6
EE17B007,0.75,0.6
EE17B008,1.0,0.6
EE17B009,1.25,0.6
EE17B010,1.33,0.9
EE17B011,0.75,0.6
EE17B012,0.67,0.93
EE17B013,0.75,0.6
EE17B014,0.67,1.0
EE17B015,0.75,0.6
EE17B016,0.75,0.6
EE17B017,0.75,0.6
EE17B018,1.56,0.9
EE17B019,2.0,0.6
EE17B020,1.0,0.3
EE17B021,1.0,0.5
EE17B022,2.0,0.3
EE17B023,1.25,0.86
EE17B024,1.25,0.86
EE17B025,0.75,0.6
EE17B026,1.0,0.3
EE17B027,1.25,0.6
EE17B028,0.75,0.45
EE17B029,1.5,0.6
EE17B030,0.78,0.93
EE17B031,1.22,0.9
EE17B032,2.0,0.43
EE17B033,0.67,0.9
EE17B034,1.0,0.45
EE17B035,1.11,0.9
EE17B036,1.25,0.6
EE17B037,2.5,0.6
EE17B038,3.0,0.3
EE17B039,1.0,0.6
EE17B040,2.75,0.6
EE17B041,1.5,0.6
EE17B042,1.0,0.6
EE17B043,1.0,0.3
EE17B044,1.11,0.9
EE17B045,1.0,0.9
EE17B046,2.0,0.3
EE17B047,1.75,0.6
EE17B048,1.25,0.6
EE17B049,1.25,0.6
EE17B050,1.25,0.6
EE17B051,1.0,0.3
EE17B052,1.0,0.68
EE17B053,1.0,0.3
EE17B054,1.5,0.6
EE17B055,0.75,0.86
EE17B056,0.75,0.34
EE17B057,0.75,0.45
EE17B058,0.75,0.6
EE17B059,0.75,0.6
EE17B060,0.75,0.86
EE17B061,0.67,0.93
EE17B062,1.0,0.43
EE17B063,1.25,0.6
EE17B064,1.25,0.6
EE17B065,1.25,0.6
EE17B066,1.25,0.6
EE17B067,0.75,0.67
EE17B068,0.75,0.67
EE17B069,1.0,0.43
EE17B070,0.75,0.67
EE17B071,1.0,0.5
EE17B072,1.0,0.5
EE17B073,1.0,0.93
EE17B101,1.5,0.6
EE17B102,1.25,0.6
EE17B103,2.0,0.3
EE17B104,0.75,0.6
EE17B105,1.0,0.3
EE17B106,1.25,0.6
EE17B107,1.0,0.3
EE17B108,1.25,0.86
EE17B109,1.0,0.6
EE17B110,0.0,1.0
EE17B111,1.25,0.34
EE17B112,1.0,0.6
EE17B113,1.75,0.6
EE17B114,0.75,0.6
EE17B115,0.75,0.6
EE17B116,2.0,0.3
EE17B117,1.0,0.3
EE17B118,1.0,0.6
EE17B119,0.75,0.6
EE17B120,2.0,0.3
EE17B121,2.0,0.3
EE17B122,1.0,0.6
EE17B123,0.75,0.6
EE17B124,2.0,0.6
EE17B125,1.25,0.6
EE17B126,0.75,0.6
EE17B127,0.75,0.6
EE17B128,1.25,0.6
EE17B129,0.75,0.6
EE17B130,0.67,0.9
EE17B131,0.67,0.9
EE17B132,1.0,0.3
EE17B133,1.25,0.6
EE17B134,1.5,0.6
EE17B135,1.25,0.63
EE17B136,1.25,0.6
EE17B137,0.75,0.6
EE17B138,1.78,1.0
EE17B139,0.67,0.9
EE17B140,1.25,0.6
EE17B141,1.0,0.6
EE17B142,0.75,0.6
EE17B143,1.0,0.3
EE17B144,1.25,0.6
EE17B145,0.75,0.6
EE17B146,0.75,0.6
EE17B147,1.25,0.6
EE17B148,1.0,0.3
EE17B149,0.75,0.6
EE17B150,0.0,1.0
EE17B151,1.0,0.3
EE17B152,0.75,0.6
EE17B153,1.0,0.3
EE17B154,2.5,0.86
EE17B155,1.0,0.86
EE17B156,2.5,0.41
EE17B157,2.0,0.43
EE17B158,0.75,0.86
EE17B159,1.25,0.6
EP15B001,1.25,0.27
EP15B002,1.67,0.56
EP15B003,1.0,0.17
EP15B004,1.0,0.54
EP15B005,0.63,0.66
EP15B006,0.67,0.75
EP15B007,0.78,0.46
EP15B008,1.75,0.31
EP15B009,1.5,0.31
EP15B010,1.13,0.53
EP15B011,0.63,0.71
EP15B012,1.11,0.51
EP15B013,1.11,0.46
EP15B014,0.63,0.73
EP15B015,0.67,0.58
EP15B016,0.78,0.51
EP15B017,1.13,0.68
EP15B018,0.67,0.46
EP15B019,0.78,0.56
EP15B020,1.75,0.31
EP15B021,0.0,0.0
EP15B022,0.0,1.0
EP15B023,1.0,0.31
EP15B024,0.64,0.81
EP15B025,0.67,0.45
EP15B026,0.75,0.31
EP15B027,0.69,0.71
EP15B028,0.63,0.58
EP15B029,0.0,1.0
EP15B030,1.0,0.46
EP15B031,0.63,0.73
EP16B001,0.63,0.77
EP16B002,1.5,0.4
EP16B003,0.89,0.69
EP16B004,1.0,0.56
EP16B005,0.67,0.69
EP16B006,0.75,0.4
EP16B007,1.0,0.54
EP16B008,2.0,0.38
EP16B009,2.5,0.46
EP16B010,1.56,0.48
EP16B011,0.75,0.38
EP16B012,1.0,0.46
EP16B013,1.0,0.46
EP16B014,2.5,0.46
EP16B015,0.0,1.0
EP16B016,0.75,0.49
EP16B017,0.75,0.64
EP16B018,0.75,0.64
EP16B019,0.0,1.0
EP16B020,0.75,0.49
EP16B021,0.67,0.96
EP16B022,0.67,0.77
EP16B023,2.0,1.0
EP16B024,0.75,0.38
EP16B025,0.75,0.38
EP16B026,0.75,0.4
EP16B027,1.0,0.49
EP16B028,1.11,0.69
EP16B029,0.67,0.69
EP16B030,0.63,0.95
EP17B001,1.11,0.93
EP17B002,1.0,0.31
EP17B003,1.0,0.31
EP17B004,0.89,0.43
EP17B005,1.75,0.62
EP17B006,0.75,0.62
EP17B007,1.0,0.31
EP17B008,1.0,0.95
EP17B009,2.0,0.62
EP17B010,1.25,0.62
EP17B011,0.75,0.62
EP17B012,0.0,1.0
EP17B013,1.0,0.31
EP17B014,0.0,1.0
EP17B015,1.5,0.62
EP17B016,0.0,1.0
EP17B017,1.0,0.62
EP17B018,1.44,0.93
EP17B019,0.75,0.62
EP17B020,1.25,0.62
EP17B021,1.0,0.31
EP17B022,0.75,0.62
EP17B023,0.75,0.95
EP17B024,1.75,0.95
EP17B025,0.75,0.62
EP17B026,1.0,0.31
EP17B027,0.67,0.93
EP17B028,1.0,0.31
EP17B029,1.25,0.62
EP17B030,1.11,0.93
ME15B001,0.65,1.0
ME15B002,1.63,0.57
ME15B003,0.59,0.88
ME15B004,0.0,1.0
ME15B005,0.75,0.51
ME15B006,0.78,0.86
ME15B007,0.65,0.93
ME15B008,0.0,1.0
ME15B009,0.64,0.87
ME15B010,0.61,0.86
ME15B011,0.58,0.78
ME15B012,1.24,0.68
ME15B013,0.64,0.86
ME15B014,0.68,0.73
ME15B015,0.58,0.81
ME15B016,0.57,1.0
ME15B017,0.75,0.57
ME15B018,0.63,1.0
ME15B019,0.8,0.71
ME15B020,0.83,0.86
ME15B021,1.19,0.57
ME15B022,0.75,0.86
ME15B023,0.0,1.0
ME15B024,0.6,0.71
ME15B025,0.78,0.43
ME15B026,0.94,0.86
ME15B027,0.67,0.87
ME15B028,1.19,0.79
ME15B029,0.72,0.87
ME15B030,0.78,0.77
ME15B031,0.89,0.78
ME15B032,0.69,0.57
ME15B033,0.94,0.57
ME15B034,0.58,0.86
ME15B035,0.83,0.86
ME15B036,0.61,0.87
ME15B037,0.69,0.57
ME15B038,0.75,0.87
ME15B039,1.56,0.43
ME15B040,1.13,0.68
ME15B041,0.64,0.86
ME15B042,0.69,0.68
ME15B043,0.75,0.87
ME15B044,0.6,0.76
ME15B045,0.69,0.83
ME15B046,1.06,1.0
ME15B047,1.13,0.57
ME15B048,0.76,0.76
ME15B049,0.94,0.59
ME15B050,0.6,0.87
ME15B051,0.58,0.9
ME15B052,0.81,0.59
ME15B053,0.78,0.43
ME15B054,1.19,0.57
ME15B055,0.63,1.0
ME15B056,1.44,0.78
ME15B057,0.75,0.62
ME15B058,0.64,0.76
ME15B059,1.0,0.23
ME15B060,1.25,0.32
ME15B061,0.75,0.57
ME15B062,0.63,0.59
ME15B063,0.58,0.86
ME15B064,0.81,0.57
ME15B065,1.44,0.57
ME15B066,0.88,0.59
ME15B067,0.75,0.52
ME15B068,1.06,0.57
ME15B069,0.61,0.86
ME15B070,1.0,0.76
ME15B071,0.6,0.73
ME15B072,0.89,0.44
ME15B073,1.0,0.57
ME15B074,0.81,0.57
ME15B075,0.0,1.0
ME15B076,0.94,0.5
ME15B077,0.67,0.76
ME15B079,0.69,0.57
ME15B080,0.63,0.86
ME15B081,0.63,0.86
ME15B082,0.75,0.82
ME15B083,0.63,0.57
ME15B084,0.75,0.45
ME15B085,0.0,1.0
ME15B086,1.0,0.42
ME15B087,0.67,0.5
ME15B088,0.73,1.0
ME15B089,0.64,0.86
ME15B090,0.67,1.0
ME15B091,0.64,0.86
ME15B092,0.6,0.75
ME15B093,0.64,0.75
ME15B094,0.63,0.57
ME15B095,0.89,0.62
ME15B096,0.6,0.71
ME15B097,0.58,1.0
ME15B098,0.76,0.71
ME15B099,0.63,0.86
ME15B100,0.64,0.96
ME15B101,0.75,0.43
ME15B102,1.33,0.62
ME15B103,0.0,1.0
ME15B104,0.6,0.88
ME15B105,0.63,0.8
ME15B106,0.8,0.81
ME15B107,0.72,0.92
ME15B108,0.63,0.88
ME15B109,0.58,0.86
ME15B110,0.64,0.88
ME15B111,0.58,0.89
ME15B112,0.58,0.92
ME15B113,0.58,0.95
ME15B114,0.64,0.77
ME15B115,0.58,0.92
ME15B116,0.58,0.9
ME15B117,0.63,0.57
ME15B118,0.6,0.73
ME15B119,0.6,0.78
ME15B120,0.81,0.63
ME15B121,0.63,0.67
ME15B122,0.58,0.86
ME15B123,0.68,0.86
ME15B124,0.63,0.86
ME15B125,0.58,0.92
ME15B126,0.78,0.9
ME15B127,1.0,0.81
ME15B128,0.64,0.75
ME15B129,0.89,0.48
ME15B130,0.67,0.9
ME15B131,0.68,0.71
ME15B132,0.67,0.51
ME15B133,0.76,0.76
ME15B134,0.78,0.64
ME15B135,0.6,0.71
ME15B136,0.67,0.92
ME15B137,0.6,0.76
ME15B138,0.0,1.0
ME15B139,1.24,0.81
ME15B140,1.75,0.33
ME15B141,0.63,0.88
ME15B142,0.0,1.0
ME15B143,1.0,0.53
ME15B144,0.63,0.63
ME15B145,0.75,0.86
ME15B146,2.0,0.21
ME15B147,0.89,0.62
ME15B148,0.76,0.71
ME15B149,0.67,0.67
ME15B150,0.68,0.64
ME15B151,0.68,0.75
ME15B152,0.64,0.71
ME15B153,1.38,0.5
ME15B154,0.63,0.68
ME15B155,0.67,0.43
ME15B156,1.0,0.16
ME15B157,0.88,0.71
ME15B158,0.6,0.76
ME15B159,0.69,0.7
ME15B160,0.67,0.85
ME15B161,0.63,0.82
ME15B162,0.57,0.9
ME15B163,0.76,0.76
ME15B164,0.63,0.84
ME15B165,0.63,0.86
ME15B166,0.63,0.84
ME15B167,0.63,0.84
ME16B001,1.0,0.69
ME16B002,1.0,0.69
ME16B003,1.0,0.69
ME16B004,1.0,0.56
ME16B005,1.0,0.69
ME16B006,1.0,0.77
ME16B007,0.0,1.0
ME16B008,1.0,0.77
ME16B009,1.0,0.77
ME16B010,1.0,0.69
ME16B011,1.0,0.69
ME16B012,1.0,0.77
ME16B013,0.0,1.0
ME16B014,2.0,0.63
ME16B015,0.0,1.0
ME16B016,0.0,1.0
ME16B017,1.0,0.69
ME16B018,0.0,1.0
ME16B019,1.0,0.69
ME16B020,0.0,1.0
ME16B021,1.0,0.77
ME16B022,1.0,0.69
ME16B023,1.0,0.69
ME16B024,2.0,0.63
ME16B025,1.0,0.69
ME16B026,1.0,0.77
ME16B027,1.0,0.77
ME16B028,0.0,1.0
ME16B029,1.0,0.92
ME16B030,1.0,0.69
ME16B031,1.0,0.69
ME16B032,0.0,0.0
ME16B033,0.0,1.0
ME16B034,1.0,0.69
ME16B035,1.0,0.77
ME16B036,1.0,0.69
ME16B037,1.0,0.69
ME16B038,0.0,1.0
ME16B039,1.0,0.69
ME16B040,0.0,1.0
ME16B041,1.0,0.92
ME16B042,1.0,0.69
ME16B043,1.0,0.77
ME16B044,1.0,0.69
ME16B045,1.0,0.69
ME16B046,2.0,0.69
ME16B047,1.0,0.69
ME16B048,1.0,0.69
ME16B049,1.0,0.77
ME16B050,1.0,0.69
ME16B051,1.0,0.69
ME16B052,1.0,0.69
ME16B053,0.0,1.0
ME16B054,1.0,0.69
ME16B055,1.0,0.77
ME16B056,1.0,0.69
ME16B057,1.0,0.69
ME16B058,1.0,0.69
ME16B059,1.0,0.77
ME16B060,1.0,0.92
ME16B061,1.0,0.69
ME16B062,1.0,0.92
ME16B063,1.0,0.69
ME16B064,0.0,1.0
ME16B065,0.0,1.0
ME16B066,1.0,0.69
ME16B067,1.0,0.69
ME16B068,0.75,0.77
ME16B069,1.0,0.69
ME16B070,1.0,0.69
ME16B071,1.0,0.92
ME16B072,0.0,1.0
ME16B073,1.0,0.69
ME16B074,1.0,0.85
ME16B075,1.0,0.77
ME16B076,1.0,0.69
ME16B077,1.0,0.77
ME16B078,1.0,0.69
ME16B101,1.0,0.92
ME16B102,0.0,1.0
ME16B103,1.0,0.69
ME16B104,1.0,0.69
ME16B105,1.0,0.69
ME16B106,1.0,0.69
ME16B107,0.0,1.0
ME16B108,1.0,0.69
ME16B109,0.0,1.0
ME16B110,1.0,0.69
ME16B111,1.0,0.69
ME16B112,2.0,0.77
ME16B113,1.0,0.69
ME16B114,1.0,0.69
ME16B115,0.0,1.0
ME16B116,0.0,1.0
ME16B117,1.0,0.77
ME16B118,2.0,0.69
ME16B119,1.0,0.69
ME16B120,1.0,0.92
ME16B121,1.0,0.69
ME16B122,2.0,0.69
ME16B123,1.0,0.85
ME16B124,1.0,0.69
ME16B125,1.0,0.69
ME16B126,1.0,0.85
ME16B127,0.0,1.0
ME16B128,2.0,0.69
ME16B129,1.0,0.77
ME16B130,1.0,0.92
ME16B131,1.0,0.69
ME16B132,1.0,0.69
ME16B133,1.0,0.69
ME16B134,1.0,0.77
ME16B135,1.0,0.77
ME16B136,1.0,0.92
ME16B137,1.0,0.69
ME16B138,1.0,0.92
ME16B139,1.0,0.69
ME16B140,1.0,0.69
ME16B141,1.0,0.69
ME16B142,1.0,0.69
ME16B143,1.0,0.69
ME16B144,1.0,0.69
ME16B145,1.0,0.69
ME16B146,1.0,0.77
ME16B147,1.0,0.69
ME16B148,1.0,0.69
ME16B149,1.0,0.69
ME16B150,0.0,1.0
ME16B151,0.0,1.0
ME16B152,1.0,0.69
ME16B153,1.0,0.69
ME16B154,0.0,1.0
ME16B155,1.0,0.69
ME16B156,1.0,0.69
ME16B157,1.0,0.92
ME16B158,1.0,0.69
ME16B159,1.0,0.69
ME16B160,1.0,0.77
ME16B161,1.0,0.77
ME16B162,1.0,0.69
ME16B163,0.0,1.0
ME16B164,1.0,0.69
ME16B165,1.0,0.92
ME16B166,1.0,0.69
ME16B167,1.0,0.69
ME16B168,1.0,0.69
ME16B169,1.0,0.69
ME16B170,1.0,0.85
ME16B171,1.0,0.69
ME16B172,1.0,0.69
ME16B173,1.0,0.69
ME16B174,1.0,0.69
ME16B175,1.0,0.69
ME16B176,1.0,0.69
ME16B177,1.0,0.69
ME16B178,1.0,0.69
ME16B179,1.0,0.77
ME16B180,1.0,0.69
ME17B001,0.0,1.0
ME17B002,0.0,1.0
ME17B003,1.0,0.82
ME17B004,0.0,1.0
ME17B005,1.0,0.82
ME17B006,0.0,1.0
ME17B007,0.0,1.0
ME17B008,0.0,1.0
ME17B009,1.0,0.91
ME17B010,1.0,0.82
ME17B011,0.0,1.0
ME17B012,0.0,1.0
ME17B013,0.0,1.0
ME17B014,0.0,1.0
ME17B015,0.0,1.0
ME17B016,0.0,1.0
ME17B017,0.0,1.0
ME17B018,0.0,1.0
ME17B019,0.0,1.0
ME17B020,0.0,1.0
ME17B021,0.0,1.0
ME17B022,0.0,1.0
ME17B023,0.0,1.0
ME17B024,0.0,1.0
ME17B025,0.0,1.0
ME17B026,0.0,1.0
ME17B027,0.0,1.0
ME17B028,0.0,1.0
ME17B029,0.0,1.0
ME17B030,0.0,1.0
ME17B031,0.0,1.0
ME17B032,0.0,1.0
ME17B033,1.0,0.82
ME17B034,0.0,1.0
ME17B035,0.0,0.0
ME17B036,0.0,1.0
ME17B037,0.0,1.0
ME17B038,0.0,1.0
ME17B039,0.0,0.0
ME17B040,0.0,1.0
ME17B041,0.0,1.0
ME17B042,0.0,1.0
ME17B043,0.0,1.0
ME17B044,0.0,1.0
ME17B045,1.0,0.82
ME17B046,0.0,1.0
ME17B047,0.0,1.0
ME17B048,0.0,1.0
ME17B049,0.0,1.0
ME17B050,0.0,1.0
ME17B051,0.0,1.0
ME17B052,0.0,1.0
ME17B053,0.0,1.0
ME17B054,0.0,1.0
ME17B055,0.0,1.0
ME17B056,0.0,1.0
ME17B057,0.0,1.0
ME17B058,0.0,1.0
ME17B059,0.0,1.0
ME17B060,0.0,1.0
ME17B061,0.0,1.0
ME17B062,0.0,1.0
ME17B063,0.0,1.0
ME17B064,0.0,1.0
ME17B065,0.0,1.0
ME17B066,0.0,1.0
ME17B067,0.0,1.0
ME17B068,0.0,1.0
ME17B069,0.0,1.0
ME17B070,0.0,1.0
ME17B071,0.0,1.0
ME17B072,0.0,1.0
ME17B073,0.0,1.0
ME17B074,0.0,1.0
ME17B075,0.0,1.0
ME17B076,3.0,0.82
ME17B077,1.0,0.43
ME17B078,0.75,0.86
ME17B079,0.0,1.0
ME17B080,0.0,1.0
ME17B081,0.0,0.0
ME17B082,1.0,0.82
ME17B083,1.0,0.82
ME17B084,1.0,0.82
ME17B085,1.0,0.82
ME17B101,0.0,1.0
ME17B102,1.0,0.82
ME17B103,1.0,0.82
ME17B104,0.0,1.0
ME17B105,0.0,1.0
ME17B106,0.0,1.0
ME17B107,0.0,1.0
ME17B108,0.0,1.0
ME17B109,0.0,1.0
ME17B110,1.0,0.82
ME17B111,1.0,0.82
ME17B112,0.0,1.0
ME17B113,0.0,1.0
ME17B114,0.0,1.0
ME17B115,0.0,1.0
ME17B116,0.0,1.0
ME17B117,0.0,1.0
ME17B118,0.0,1.0
ME17B119,0.0,1.0
ME17B120,0.0,1.0
ME17B121,0.0,1.0
ME17B122,1.0,0.82
ME17B123,0.0,1.0
ME17B124,0.0,1.0
ME17B125,0.0,1.0
ME17B126,0.0,1.0
ME17B127,0.0,1.0
ME17B128,0.0,1.0
ME17B129,0.0,1.0
ME17B130,0.0,1.0
ME17B131,0.0,1.0
ME17B132,0.0,1.0
ME17B133,0.0,1.0
ME17B134,1.0,0.82
ME17B135,0.0,1.0
ME17B136,0.0,1.0
ME17B137,0.0,1.0
ME17B138,0.0,1.0
ME17B139,0.0,1.0
ME17B140,0.0,1.0
ME17B141,0.0,1.0
ME17B142,0.0,1.0
ME17B143,0.0,1.0
ME17B144,0.0,1.0
ME17B145,0.0,1.0
ME17B146,0.0,1.0
ME17B147,0.0,1.0
ME17B148,0.0,1.0
ME17B149,0.0,1.0
ME17B150,0.0,1.0
ME17B151,0.0,1.0
ME17B152,0.0,1.0
ME17B153,1.0,0.82
ME17B154,0.0,1.0
ME17B155,0.0,1.0
ME17B156,7.0,0.82
ME17B157,0.0,1.0
ME17B158,0.0,1.0
ME17B159,0.0,1.0
ME17B160,0.0,1.0
ME17B161,0.0,1.0
ME17B162,0.0,1.0
ME17B163,0.0,1.0
ME17B164,0.0,1.0
ME17B165,1.0,0.82
ME17B166,1.0,0.82
ME17B167,1.0,0.82
ME17B168,1.0,0.91
ME17B169,1.0,0.82
ME17B170,0.0,1.0
ME17B171,1.0,0.82
ME17B172,0.0,1.0
ME17B173,1.0,0.82
ME17B174,1.0,0.82
ME17B175,1.0,0.82
ME17B176,1.0,0.82
ME17B177,1.0,0.43
ME17B178,0.0,1.0
ME17B179,0.0,1.0
ME17B180,6.0,0.91
ME17B181,1.0,0.82
ME17B182,0.0,1.0
ME17B183,0.0,1.0
ME17B184,0.0,1.0
MM15B001,0.58,0.94
MM15B002,1.0,0.85
MM15B003,0.0,1.0
MM15B004,0.78,0.75
MM15B005,1.22,0.67
MM15B006,1.0,0.5
MM15B007,0.67,1.0
MM15B008,0.63,0.65
MM15B009,0.94,0.94
MM15B010,0.63,0.71
MM15B011,0.75,0.5
MM15B012,0.75,0.5
MM15B013,0.76,0.8
MM15B014,0.58,0.94
MM15B015,0.63,1.0
MM15B016,0.89,0.51
MM15B017,0.63,0.69
MM15B018,0.63,0.8
MM15B019,0.78,0.51
MM15B020,0.75,0.33
MM15B021,0.88,0.82
MM15B022,0.75,0.45
MM15B023,1.0,0.2
MM15B024,0.63,0.73
MM15B025,0.67,0.88
MM15B026,0.69,0.89
MM15B027,0.0,1.0
MM15B028,0.0,1.0
MM15B029,0.75,0.47
MM15B030,0.0,0.0
MM15B031,0.75,0.5
MM15B032,0.63,0.98
MM15B033,0.0,1.0
MM15B034,0.75,0.5
MM15B035,0.63,1.0
MM15B036,0.75,0.5
MM15B037,0.0,1.0
MM15B038,0.0,1.0
MM15B039,0.75,0.82
MM15B040,0.67,0.5
MM15B041,1.75,0.31
MM15B042,0.0,1.0
MM15B043,0.67,0.5
MM15B044,0.6,1.0
MM15B046,0.88,0.48
MM15B047,0.75,0.93
MM15B048,1.75,0.5
MM15B049,0.0,1.0
MM16B001,2.0,0.86
MM16B002,0.75,0.86
MM16B003,0.0,1.0
MM16B004,0.67,0.9
MM16B005,0.0,0.0
MM16B006,0.0,0.0
MM16B007,0.75,0.86
MM16B008,0.75,0.86
MM16B009,1.0,0.75
MM16B010,0.0,1.0
MM16B012,0.75,0.67
MM16B013,1.0,0.75
MM16B014,1.0,0.56
MM16B015,0.0,1.0
MM16B016,1.25,0.67
MM16B017,0.75,0.86
MM16B018,0.75,0.86
MM16B019,0.75,0.86
MM16B020,0.75,0.67
MM16B021,0.75,0.9
MM16B022,0.75,0.67
MM16B023,0.75,0.86
MM16B024,0.75,0.67
MM16B025,1.0,0.75
MM16B026,0.75,0.86
MM16B027,1.0,0.56
MM16B028,1.0,0.24
MM16B029,1.0,0.56
MM16B030,0.75,0.67
MM16B031,0.75,0.86
MM16B032,0.0,1.0
MM16B033,1.0,0.75
MM16B034,1.0,0.56
MM16B035,0.75,0.67
MM16B036,0.0,1.0
MM16B101,0.0,1.0
MM16B102,1.0,0.9
MM16B103,1.0,0.56
MM16B104,1.0,0.56
MM16B105,1.0,0.56
MM16B106,0.0,1.0
MM16B107,1.0,0.56
MM16B108,1.0,0.56
MM16B109,1.0,0.56
MM16B111,1.0,0.56
MM16B112,3.0,0.56
MM16B113,1.0,0.82
MM16B114,0.0,1.0
MM17B001,0.75,0.9
MM17B002,0.75,0.62
MM17B003,2.0,0.31
MM17B004,0.75,0.62
MM17B005,0.0,1.0
MM17B006,1.25,0.62
MM17B007,1.0,0.31
MM17B008,0.75,0.9
MM17B009,0.75,0.62
MM17B010,2.0,0.31
MM17B011,1.0,0.93
MM17B012,1.0,0.9
MM17B013,0.89,0.93
MM17B014,0.75,0.62
MM17B015,1.0,0.9
MM17B016,0.75,0.29
MM17B017,1.0,0.9
MM17B018,1.0,0.53
MM17B019,1.75,0.9
MM17B020,1.0,0.9
MM17B021,1.75,0.62
MM17B022,2.75,0.62
MM17B023,0.67,0.93
MM17B024,1.0,0.9
MM17B025,1.0,0.62
MM17B026,1.0,0.93
MM17B027,0.67,0.93
MM17B028,1.44,0.93
MM17B029,6.0,0.45
MM17B030,0.0,1.0
MM17B031,0.0,1.0
MM17B032,2.75,0.9
MM17B034,1.25,0.9
MM17B035,1.0,0.45
MM17B036,0.75,0.9
MM17B037,2.0,0.45
MM17B101,0.75,0.62
MM17B102,1.11,0.93
MM17B103,0.75,0.62
MM17B104,0.78,0.93
MM17B105,0.75,0.62
MM17B106,0.75,0.62
MM17B107,0.0,1.0
MM17B108,1.0,0.14
MM17B109,0.0,1.0
MM17B110,1.0,0.31
MM17B111,1.0,0.14
MM17B112,1.0,0.62
MM17B113,0.75,0.62
NA15B001,0.88,0.68
NA15B002,0.6,0.71
NA15B003,0.69,0.75
NA15B004,0.81,0.68
NA15B005,0.75,0.3
NA15B006,1.5,0.86
NA15B007,1.22,0.46
NA15B008,1.11,0.43
NA15B009,0.0,1.0
NA15B010,2.0,0.29
NA15B011,0.63,0.59
NA15B012,0.78,0.55
NA15B013,1.75,0.24
NA15B014,0.64,0.87
NA15B015,0.0,1.0
NA15B016,0.69,0.6
NA15B017,0.86,0.87
NA15B018,0.81,0.59
NA15B019,0.67,0.9
NA15B020,1.22,0.43
NA15B021,1.0,0.59
NA15B022,0.64,0.81
NA15B023,0.61,0.86
NA15B024,0.63,0.91
NA15B025,3.11,0.43
NA15B026,0.0,1.0
NA15B028,0.72,0.73
NA15B029,0.69,0.86
NA15B030,0.63,0.7
NA15B031,0.64,0.75
NA15B032,0.75,0.59
NA15B033,1.08,0.85
NA15B034,0.81,0.7
NA15B035,0.0,1.0
NA15B036,2.33,0.51
NA15B037,0.0,1.0
NA15B038,0.0,1.0
NA15B039,0.63,0.82
NA15B040,0.0,1.0
NA15B041,0.94,0.7
NA15B042,0.63,0.74
NA15B043,1.38,0.84
NA15B044,0.6,0.91
NA15B045,1.0,0.27
NA15B046,0.67,0.55
NA15B047,1.0,0.72
NA15B048,0.63,0.74
NA15B049,2.0,0.47
NA16B001,0.0,1.0
NA16B003,0.75,0.82
NA16B004,1.0,0.75
NA16B005,0.75,0.95
NA16B006,0.0,1.0
NA16B007,0.75,0.86
NA16B008,1.0,0.75
NA16B009,0.75,0.82
NA16B010,1.0,0.41
NA16B011,0.75,0.78
NA16B012,0.75,0.82
NA16B013,1.0,0.41
NA16B014,1.5,0.95
NA16B015,0.75,0.29
NA16B016,0.75,0.78
NA16B017,0.75,0.82
NA16B018,0.75,0.91
NA16B019,1.0,0.34
NA16B020,0.75,0.29
NA16B021,1.0,0.75
NA16B022,0.75,0.82
NA16B023,0.75,0.82
NA16B024,0.75,0.86
NA16B025,1.0,0.41
NA16B026,0.75,0.82
NA16B027,1.0,0.41
NA16B028,0.75,0.82
NA16B029,0.75,0.82
NA16B030,2.0,0.55
NA16B031,1.75,0.82
NA16B032,0.75,0.82
NA16B033,2.0,0.5
NA16B034,0.75,0.82
NA16B035,0.0,1.0
NA16B036,0.75,0.82
NA16B037,0.75,0.82
NA16B038,0.75,0.82
NA16B039,0.75,0.82
NA16B040,0.0,1.0
NA16B101,0.75,0.82
NA16B102,0.75,0.95
NA16B103,2.0,0.41
NA16B104,1.5,0.82
NA16B105,0.0,1.0
NA16B106,0.75,0.82
NA16B107,1.0,0.41
NA16B108,5.0,0.41
NA16B109,1.0,0.75
NA16B110,0.75,0.95
NA16B111,0.75,0.82
NA16B112,1.0,0.55
NA16B113,0.75,0.91
NA16B114,0.0,1.0
NA16B115,1.0,0.41
NA16B116,0.75,0.91
NA16B117,0.75,0.82
NA16B118,0.75,0.82
NA16B119,0.75,0.82
NA17B001,0.0,1.0
NA17B002,1.0,0.43
NA17B003,0.75,0.86
NA17B004,1.5,0.86
NA17B005,1.0,0.86
NA17B006,1.0,0.43
NA17B007,0.75,0.86
NA17B008,0.75,0.86
NA17B009,0.75,0.86
NA17B010,1.0,0.82
NA17B011,0.75,0.86
NA17B012,1.0,0.43
NA17B013,0.75,0.86
NA17B014,0.75,0.86
NA17B015,1.0,0.43
NA17B016,0.75,0.86
NA17B017,1.25,0.29
NA17B018,0.0,1.0
NA17B019,1.25,0.86
NA17B020,0.75,0.29
NA17B021,0.0,1.0
NA17B022,1.0,0.86
NA17B023,0.0,1.0
NA17B024,1.25,0.86
NA17B025,0.75,0.86
NA17B026,1.0,0.86
NA17B027,1.0,0.43
NA17B028,1.75,0.86
NA17B029,0.67,0.43
NA17B030,0.75,0.86
NA17B031,1.0,0.43
NA17B032,0.75,0.86
NA17B033,1.0,0.86
NA17B034,0.75,0.86
NA17B035,1.25,0.86
NA17B036,1.25,0.86
NA17B101,1.0,0.43
NA17B102,0.0,1.0
NA17B103,1.5,0.86
NA17B104,1.0,0.86
NA17B105,1.0,0.86
NA17B106,1.75,0.86
NA17B107,0.75,0.86
NA17B108,1.25,0.86
NA17B109,1.0,0.43
NA17B110,0.75,0.86
NA17B111,1.0,0.43
NA17B112,1.0,0.86
NA17B113,0.0,1.0
NA17B114,1.25,0.86
NA17B115,1.0,0.86
NA17B116,0.75,0.86
NA17B117,1.0,0.43
NA17B118,0.0,1.0
PH15B001,0.81,0.93
PH15B004,0.0,1.0
PH15B005,0.78,0.64
PH15B006,0.75,0.43
PH15B007,0.69,0.86
PH15B008,0.89,0.64
PH15B009,0.63,0.86
PH16B001,1.0,0.69
PH16B002,0.0,0.0
PH16B003,1.0,0.92
PH16B004,0.75,0.29
PH16B005,0.0,1.0
PH16B006,1.0,0.69
PH16B007,1.0,0.17
PH16B008,1.0,0.69
PH16B009,1.0,1.0
PH16B010,0.0,1.0
PH16B011,1.0,0.53
PH17B001,0.75,0.69
PH17B002,1.25,0.69
PH17B004,1.0,0.35
PH17B006,1.0,0.56
PH17B007,1.25,0.69
PH17B008,1.0,0.35
PH17B009,1.0,0.35
PH17B010,1.25,0.69
PH17B011,1.0,0.56
